INFO:opendrift.models.basemodel:OpenDriftSimulation initialised (version 1.11.7)
INFO:opendrift.readers.reader_netCDF_CF_generic:Opening dataset: http://hfrnet-tds.ucsd.edu/thredds/dodsC/HFR/USWC/2km/hourly/RTV/HFRADAR_US_West_Coast_2km_Resolution_Hourly_RTV_best.ncd
INFO:opendrift.readers.reader_netCDF_CF_generic:Detected dimensions: {'time': 'time', 'x': 'lon', 'y': 'lat'}
INFO:opendrift.readers.basereader:Variable x_sea_water_velocity will be rotated from surface_eastward_sea_water_velocity
INFO:opendrift.readers.basereader:Variable y_sea_water_velocity will be rotated from surface_northward_sea_water_velocity
INFO:opendrift.readers.reader_netCDF_CF_generic:Opening dataset: http://hfrnet-tds.ucsd.edu/thredds/dodsC/HFR/USWC/6km/hourly/RTV/HFRADAR_US_West_Coast_6km_Resolution_Hourly_RTV_best.ncd
INFO:opendrift.readers.reader_netCDF_CF_generic:Detected dimensions: {'time': 'time', 'x': 'lon', 'y': 'lat'}
INFO:opendrift.readers.basereader:Variable x_sea_water_velocity will be rotated from surface_eastward_sea_water_velocity
INFO:opendrift.readers.basereader:Variable y_sea_water_velocity will be rotated from surface_northward_sea_water_velocity
INFO:opendrift.models.basemodel.environment:Adding a dynamical landmask with max. priority based on assumed maximum speed of 2.0 m/s. Adding a customised landmask may be faster...
INFO:opendrift.models.basemodel.environment:Fallback values will be used for the following variables which have no readers: 
INFO:opendrift.models.basemodel.environment:	sea_surface_height: 0.000000
INFO:opendrift.models.basemodel.environment:	x_wind: 0.000000
INFO:opendrift.models.basemodel.environment:	y_wind: 0.000000
INFO:opendrift.models.basemodel.environment:	upward_sea_water_velocity: 0.000000
INFO:opendrift.models.basemodel.environment:	ocean_vertical_diffusivity: 0.000000
INFO:opendrift.models.basemodel.environment:	sea_surface_wave_significant_height: 0.000000
INFO:opendrift.models.basemodel.environment:	sea_surface_wave_stokes_drift_x_velocity: 0.000000
INFO:opendrift.models.basemodel.environment:	sea_surface_wave_stokes_drift_y_velocity: 0.000000
INFO:opendrift.models.basemodel.environment:	sea_surface_wave_period_at_variance_spectral_density_maximum: 0.000000
INFO:opendrift.models.basemodel.environment:	sea_surface_wave_mean_period_from_variance_spectral_density_second_frequency_moment: 0.000000
INFO:opendrift.models.basemodel.environment:	sea_surface_swell_wave_to_direction: 0.000000
INFO:opendrift.models.basemodel.environment:	sea_surface_swell_wave_peak_period_from_variance_spectral_density: 0.000000
INFO:opendrift.models.basemodel.environment:	sea_surface_swell_wave_significant_height: 0.000000
INFO:opendrift.models.basemodel.environment:	sea_surface_wind_wave_to_direction: 0.000000
INFO:opendrift.models.basemodel.environment:	sea_surface_wind_wave_mean_period: 0.000000
INFO:opendrift.models.basemodel.environment:	sea_surface_wind_wave_significant_height: 0.000000
INFO:opendrift.models.basemodel.environment:	surface_downward_x_stress: 0.000000
INFO:opendrift.models.basemodel.environment:	surface_downward_y_stress: 0.000000
INFO:opendrift.models.basemodel.environment:	turbulent_kinetic_energy: 0.000000
INFO:opendrift.models.basemodel.environment:	turbulent_generic_length_scale: 0.000000
INFO:opendrift.models.basemodel.environment:	ocean_mixed_layer_thickness: 50.000000
INFO:opendrift.models.basemodel.environment:	sea_floor_depth_below_sea_level: 10000.000000
INFO:opendrift.models.basemodel:OpenDriftSimulation initialised (version 1.11.7)
INFO:opendrift.readers.reader_netCDF_CF_generic:Opening dataset: http://hfrnet-tds.ucsd.edu/thredds/dodsC/HFR/USWC/2km/hourly/RTV/HFRADAR_US_West_Coast_2km_Resolution_Hourly_RTV_best.ncd
INFO:opendrift.readers.reader_netCDF_CF_generic:Detected dimensions: {'time': 'time', 'x': 'lon', 'y': 'lat'}
INFO:opendrift.readers.basereader:Variable x_sea_water_velocity will be rotated from surface_eastward_sea_water_velocity
INFO:opendrift.readers.basereader:Variable y_sea_water_velocity will be rotated from surface_northward_sea_water_velocity
INFO:opendrift.readers.reader_netCDF_CF_generic:Opening dataset: http://hfrnet-tds.ucsd.edu/thredds/dodsC/HFR/USWC/6km/hourly/RTV/HFRADAR_US_West_Coast_6km_Resolution_Hourly_RTV_best.ncd
INFO:opendrift.readers.reader_netCDF_CF_generic:Detected dimensions: {'time': 'time', 'x': 'lon', 'y': 'lat'}
INFO:opendrift.readers.basereader:Variable x_sea_water_velocity will be rotated from surface_eastward_sea_water_velocity
INFO:opendrift.readers.basereader:Variable y_sea_water_velocity will be rotated from surface_northward_sea_water_velocity
INFO:opendrift.models.basemodel.environment:Adding a dynamical landmask with max. priority based on assumed maximum speed of 2.0 m/s. Adding a customised landmask may be faster...
INFO:opendrift.models.basemodel.environment:Fallback values will be used for the following variables which have no readers: 
INFO:opendrift.models.basemodel.environment:	sea_surface_height: 0.000000
INFO:opendrift.models.basemodel.environment:	x_wind: 0.000000
INFO:opendrift.models.basemodel.environment:	y_wind: 0.000000
INFO:opendrift.models.basemodel.environment:	upward_sea_water_velocity: 0.000000
INFO:opendrift.models.basemodel.environment:	ocean_vertical_diffusivity: 0.000000
INFO:opendrift.models.basemodel.environment:	sea_surface_wave_significant_height: 0.000000
INFO:opendrift.models.basemodel.environment:	sea_surface_wave_stokes_drift_x_velocity: 0.000000
INFO:opendrift.models.basemodel.environment:	sea_surface_wave_stokes_drift_y_velocity: 0.000000
INFO:opendrift.models.basemodel.environment:	sea_surface_wave_period_at_variance_spectral_density_maximum: 0.000000
INFO:opendrift.models.basemodel.environment:	sea_surface_wave_mean_period_from_variance_spectral_density_second_frequency_moment: 0.000000
INFO:opendrift.models.basemodel.environment:	sea_surface_swell_wave_to_direction: 0.000000
INFO:opendrift.models.basemodel.environment:	sea_surface_swell_wave_peak_period_from_variance_spectral_density: 0.000000
INFO:opendrift.models.basemodel.environment:	sea_surface_swell_wave_significant_height: 0.000000
INFO:opendrift.models.basemodel.environment:	sea_surface_wind_wave_to_direction: 0.000000
INFO:opendrift.models.basemodel.environment:	sea_surface_wind_wave_mean_period: 0.000000
INFO:opendrift.models.basemodel.environment:	sea_surface_wind_wave_significant_height: 0.000000
INFO:opendrift.models.basemodel.environment:	surface_downward_x_stress: 0.000000
INFO:opendrift.models.basemodel.environment:	surface_downward_y_stress: 0.000000
INFO:opendrift.models.basemodel.environment:	turbulent_kinetic_energy: 0.000000
INFO:opendrift.models.basemodel.environment:	turbulent_generic_length_scale: 0.000000
INFO:opendrift.models.basemodel.environment:	ocean_mixed_layer_thickness: 50.000000
INFO:opendrift.models.basemodel.environment:	sea_floor_depth_below_sea_level: 10000.000000
INFO:root:SKIPPING: model already ran for: 2024-06-23 08:38:00
INFO:opendrift.models.basemodel:OpenDriftSimulation initialised (version 1.11.7)
INFO:opendrift.readers.reader_netCDF_CF_generic:Opening dataset: http://hfrnet-tds.ucsd.edu/thredds/dodsC/HFR/USWC/2km/hourly/RTV/HFRADAR_US_West_Coast_2km_Resolution_Hourly_RTV_best.ncd
INFO:opendrift.readers.reader_netCDF_CF_generic:Detected dimensions: {'time': 'time', 'x': 'lon', 'y': 'lat'}
INFO:opendrift.readers.basereader:Variable x_sea_water_velocity will be rotated from surface_eastward_sea_water_velocity
INFO:opendrift.readers.basereader:Variable y_sea_water_velocity will be rotated from surface_northward_sea_water_velocity
INFO:opendrift.readers.reader_netCDF_CF_generic:Opening dataset: http://hfrnet-tds.ucsd.edu/thredds/dodsC/HFR/USWC/6km/hourly/RTV/HFRADAR_US_West_Coast_6km_Resolution_Hourly_RTV_best.ncd
INFO:opendrift.readers.reader_netCDF_CF_generic:Detected dimensions: {'time': 'time', 'x': 'lon', 'y': 'lat'}
INFO:opendrift.readers.basereader:Variable x_sea_water_velocity will be rotated from surface_eastward_sea_water_velocity
INFO:opendrift.readers.basereader:Variable y_sea_water_velocity will be rotated from surface_northward_sea_water_velocity
INFO:opendrift.models.basemodel.environment:Adding a dynamical landmask with max. priority based on assumed maximum speed of 2.0 m/s. Adding a customised landmask may be faster...
INFO:opendrift.models.basemodel.environment:Fallback values will be used for the following variables which have no readers: 
INFO:opendrift.models.basemodel.environment:	sea_surface_height: 0.000000
INFO:opendrift.models.basemodel.environment:	x_wind: 0.000000
INFO:opendrift.models.basemodel.environment:	y_wind: 0.000000
INFO:opendrift.models.basemodel.environment:	upward_sea_water_velocity: 0.000000
INFO:opendrift.models.basemodel.environment:	ocean_vertical_diffusivity: 0.000000
INFO:opendrift.models.basemodel.environment:	sea_surface_wave_significant_height: 0.000000
INFO:opendrift.models.basemodel.environment:	sea_surface_wave_stokes_drift_x_velocity: 0.000000
INFO:opendrift.models.basemodel.environment:	sea_surface_wave_stokes_drift_y_velocity: 0.000000
INFO:opendrift.models.basemodel.environment:	sea_surface_wave_period_at_variance_spectral_density_maximum: 0.000000
INFO:opendrift.models.basemodel.environment:	sea_surface_wave_mean_period_from_variance_spectral_density_second_frequency_moment: 0.000000
INFO:opendrift.models.basemodel.environment:	sea_surface_swell_wave_to_direction: 0.000000
INFO:opendrift.models.basemodel.environment:	sea_surface_swell_wave_peak_period_from_variance_spectral_density: 0.000000
INFO:opendrift.models.basemodel.environment:	sea_surface_swell_wave_significant_height: 0.000000
INFO:opendrift.models.basemodel.environment:	sea_surface_wind_wave_to_direction: 0.000000
INFO:opendrift.models.basemodel.environment:	sea_surface_wind_wave_mean_period: 0.000000
INFO:opendrift.models.basemodel.environment:	sea_surface_wind_wave_significant_height: 0.000000
INFO:opendrift.models.basemodel.environment:	surface_downward_x_stress: 0.000000
INFO:opendrift.models.basemodel.environment:	surface_downward_y_stress: 0.000000
INFO:opendrift.models.basemodel.environment:	turbulent_kinetic_energy: 0.000000
INFO:opendrift.models.basemodel.environment:	turbulent_generic_length_scale: 0.000000
INFO:opendrift.models.basemodel.environment:	ocean_mixed_layer_thickness: 50.000000
INFO:opendrift.models.basemodel.environment:	sea_floor_depth_below_sea_level: 10000.000000
INFO:opendrift.models.basemodel:OpenDriftSimulation initialised (version 1.11.7)
INFO:opendrift.readers.reader_netCDF_CF_generic:Opening dataset: http://hfrnet-tds.ucsd.edu/thredds/dodsC/HFR/USWC/2km/hourly/RTV/HFRADAR_US_West_Coast_2km_Resolution_Hourly_RTV_best.ncd
INFO:opendrift.readers.reader_netCDF_CF_generic:Detected dimensions: {'time': 'time', 'x': 'lon', 'y': 'lat'}
INFO:opendrift.readers.basereader:Variable x_sea_water_velocity will be rotated from surface_eastward_sea_water_velocity
INFO:opendrift.readers.basereader:Variable y_sea_water_velocity will be rotated from surface_northward_sea_water_velocity
INFO:opendrift.readers.reader_netCDF_CF_generic:Opening dataset: http://hfrnet-tds.ucsd.edu/thredds/dodsC/HFR/USWC/6km/hourly/RTV/HFRADAR_US_West_Coast_6km_Resolution_Hourly_RTV_best.ncd
INFO:opendrift.readers.reader_netCDF_CF_generic:Detected dimensions: {'time': 'time', 'x': 'lon', 'y': 'lat'}
INFO:opendrift.readers.basereader:Variable x_sea_water_velocity will be rotated from surface_eastward_sea_water_velocity
INFO:opendrift.readers.basereader:Variable y_sea_water_velocity will be rotated from surface_northward_sea_water_velocity
INFO:opendrift.models.basemodel.environment:Adding a dynamical landmask with max. priority based on assumed maximum speed of 2.0 m/s. Adding a customised landmask may be faster...
INFO:opendrift.models.basemodel.environment:Fallback values will be used for the following variables which have no readers: 
INFO:opendrift.models.basemodel.environment:	sea_surface_height: 0.000000
INFO:opendrift.models.basemodel.environment:	x_wind: 0.000000
INFO:opendrift.models.basemodel.environment:	y_wind: 0.000000
INFO:opendrift.models.basemodel.environment:	upward_sea_water_velocity: 0.000000
INFO:opendrift.models.basemodel.environment:	ocean_vertical_diffusivity: 0.000000
INFO:opendrift.models.basemodel.environment:	sea_surface_wave_significant_height: 0.000000
INFO:opendrift.models.basemodel.environment:	sea_surface_wave_stokes_drift_x_velocity: 0.000000
INFO:opendrift.models.basemodel.environment:	sea_surface_wave_stokes_drift_y_velocity: 0.000000
INFO:opendrift.models.basemodel.environment:	sea_surface_wave_period_at_variance_spectral_density_maximum: 0.000000
INFO:opendrift.models.basemodel.environment:	sea_surface_wave_mean_period_from_variance_spectral_density_second_frequency_moment: 0.000000
INFO:opendrift.models.basemodel.environment:	sea_surface_swell_wave_to_direction: 0.000000
INFO:opendrift.models.basemodel.environment:	sea_surface_swell_wave_peak_period_from_variance_spectral_density: 0.000000
INFO:opendrift.models.basemodel.environment:	sea_surface_swell_wave_significant_height: 0.000000
INFO:opendrift.models.basemodel.environment:	sea_surface_wind_wave_to_direction: 0.000000
INFO:opendrift.models.basemodel.environment:	sea_surface_wind_wave_mean_period: 0.000000
INFO:opendrift.models.basemodel.environment:	sea_surface_wind_wave_significant_height: 0.000000
INFO:opendrift.models.basemodel.environment:	surface_downward_x_stress: 0.000000
INFO:opendrift.models.basemodel.environment:	surface_downward_y_stress: 0.000000
INFO:opendrift.models.basemodel.environment:	turbulent_kinetic_energy: 0.000000
INFO:opendrift.models.basemodel.environment:	turbulent_generic_length_scale: 0.000000
INFO:opendrift.models.basemodel.environment:	ocean_mixed_layer_thickness: 50.000000
INFO:opendrift.models.basemodel.environment:	sea_floor_depth_below_sea_level: 10000.000000
INFO:root:SKIPPING: model already ran for: 2024-06-23 23:18:00
INFO:opendrift.models.basemodel:OpenDriftSimulation initialised (version 1.11.7)
INFO:opendrift.readers.reader_netCDF_CF_generic:Opening dataset: http://hfrnet-tds.ucsd.edu/thredds/dodsC/HFR/USWC/2km/hourly/RTV/HFRADAR_US_West_Coast_2km_Resolution_Hourly_RTV_best.ncd
INFO:opendrift.readers.reader_netCDF_CF_generic:Detected dimensions: {'time': 'time', 'x': 'lon', 'y': 'lat'}
INFO:opendrift.readers.basereader:Variable x_sea_water_velocity will be rotated from surface_eastward_sea_water_velocity
INFO:opendrift.readers.basereader:Variable y_sea_water_velocity will be rotated from surface_northward_sea_water_velocity
INFO:opendrift.readers.reader_netCDF_CF_generic:Opening dataset: http://hfrnet-tds.ucsd.edu/thredds/dodsC/HFR/USWC/6km/hourly/RTV/HFRADAR_US_West_Coast_6km_Resolution_Hourly_RTV_best.ncd
INFO:opendrift.readers.reader_netCDF_CF_generic:Detected dimensions: {'time': 'time', 'x': 'lon', 'y': 'lat'}
INFO:opendrift.readers.basereader:Variable x_sea_water_velocity will be rotated from surface_eastward_sea_water_velocity
INFO:opendrift.readers.basereader:Variable y_sea_water_velocity will be rotated from surface_northward_sea_water_velocity
INFO:opendrift.models.basemodel.environment:Adding a dynamical landmask with max. priority based on assumed maximum speed of 2.0 m/s. Adding a customised landmask may be faster...
INFO:opendrift.models.basemodel.environment:Fallback values will be used for the following variables which have no readers: 
INFO:opendrift.models.basemodel.environment:	sea_surface_height: 0.000000
INFO:opendrift.models.basemodel.environment:	x_wind: 0.000000
INFO:opendrift.models.basemodel.environment:	y_wind: 0.000000
INFO:opendrift.models.basemodel.environment:	upward_sea_water_velocity: 0.000000
INFO:opendrift.models.basemodel.environment:	ocean_vertical_diffusivity: 0.000000
INFO:opendrift.models.basemodel.environment:	sea_surface_wave_significant_height: 0.000000
INFO:opendrift.models.basemodel.environment:	sea_surface_wave_stokes_drift_x_velocity: 0.000000
INFO:opendrift.models.basemodel.environment:	sea_surface_wave_stokes_drift_y_velocity: 0.000000
INFO:opendrift.models.basemodel.environment:	sea_surface_wave_period_at_variance_spectral_density_maximum: 0.000000
INFO:opendrift.models.basemodel.environment:	sea_surface_wave_mean_period_from_variance_spectral_density_second_frequency_moment: 0.000000
INFO:opendrift.models.basemodel.environment:	sea_surface_swell_wave_to_direction: 0.000000
INFO:opendrift.models.basemodel.environment:	sea_surface_swell_wave_peak_period_from_variance_spectral_density: 0.000000
INFO:opendrift.models.basemodel.environment:	sea_surface_swell_wave_significant_height: 0.000000
INFO:opendrift.models.basemodel.environment:	sea_surface_wind_wave_to_direction: 0.000000
INFO:opendrift.models.basemodel.environment:	sea_surface_wind_wave_mean_period: 0.000000
INFO:opendrift.models.basemodel.environment:	sea_surface_wind_wave_significant_height: 0.000000
INFO:opendrift.models.basemodel.environment:	surface_downward_x_stress: 0.000000
INFO:opendrift.models.basemodel.environment:	surface_downward_y_stress: 0.000000
INFO:opendrift.models.basemodel.environment:	turbulent_kinetic_energy: 0.000000
INFO:opendrift.models.basemodel.environment:	turbulent_generic_length_scale: 0.000000
INFO:opendrift.models.basemodel.environment:	ocean_mixed_layer_thickness: 50.000000
INFO:opendrift.models.basemodel.environment:	sea_floor_depth_below_sea_level: 10000.000000
INFO:opendrift.models.basemodel:OpenDriftSimulation initialised (version 1.11.7)
INFO:opendrift.readers.reader_netCDF_CF_generic:Opening dataset: http://hfrnet-tds.ucsd.edu/thredds/dodsC/HFR/USWC/2km/hourly/RTV/HFRADAR_US_West_Coast_2km_Resolution_Hourly_RTV_best.ncd
INFO:opendrift.readers.reader_netCDF_CF_generic:Detected dimensions: {'time': 'time', 'x': 'lon', 'y': 'lat'}
INFO:opendrift.readers.basereader:Variable x_sea_water_velocity will be rotated from surface_eastward_sea_water_velocity
INFO:opendrift.readers.basereader:Variable y_sea_water_velocity will be rotated from surface_northward_sea_water_velocity
INFO:opendrift.readers.reader_netCDF_CF_generic:Opening dataset: http://hfrnet-tds.ucsd.edu/thredds/dodsC/HFR/USWC/6km/hourly/RTV/HFRADAR_US_West_Coast_6km_Resolution_Hourly_RTV_best.ncd
INFO:opendrift.readers.reader_netCDF_CF_generic:Detected dimensions: {'time': 'time', 'x': 'lon', 'y': 'lat'}
INFO:opendrift.readers.basereader:Variable x_sea_water_velocity will be rotated from surface_eastward_sea_water_velocity
INFO:opendrift.readers.basereader:Variable y_sea_water_velocity will be rotated from surface_northward_sea_water_velocity
INFO:opendrift.models.basemodel.environment:Adding a dynamical landmask with max. priority based on assumed maximum speed of 2.0 m/s. Adding a customised landmask may be faster...
INFO:opendrift.models.basemodel.environment:Fallback values will be used for the following variables which have no readers: 
INFO:opendrift.models.basemodel.environment:	sea_surface_height: 0.000000
INFO:opendrift.models.basemodel.environment:	x_wind: 0.000000
INFO:opendrift.models.basemodel.environment:	y_wind: 0.000000
INFO:opendrift.models.basemodel.environment:	upward_sea_water_velocity: 0.000000
INFO:opendrift.models.basemodel.environment:	ocean_vertical_diffusivity: 0.000000
INFO:opendrift.models.basemodel.environment:	sea_surface_wave_significant_height: 0.000000
INFO:opendrift.models.basemodel.environment:	sea_surface_wave_stokes_drift_x_velocity: 0.000000
INFO:opendrift.models.basemodel.environment:	sea_surface_wave_stokes_drift_y_velocity: 0.000000
INFO:opendrift.models.basemodel.environment:	sea_surface_wave_period_at_variance_spectral_density_maximum: 0.000000
INFO:opendrift.models.basemodel.environment:	sea_surface_wave_mean_period_from_variance_spectral_density_second_frequency_moment: 0.000000
INFO:opendrift.models.basemodel.environment:	sea_surface_swell_wave_to_direction: 0.000000
INFO:opendrift.models.basemodel.environment:	sea_surface_swell_wave_peak_period_from_variance_spectral_density: 0.000000
INFO:opendrift.models.basemodel.environment:	sea_surface_swell_wave_significant_height: 0.000000
INFO:opendrift.models.basemodel.environment:	sea_surface_wind_wave_to_direction: 0.000000
INFO:opendrift.models.basemodel.environment:	sea_surface_wind_wave_mean_period: 0.000000
INFO:opendrift.models.basemodel.environment:	sea_surface_wind_wave_significant_height: 0.000000
INFO:opendrift.models.basemodel.environment:	surface_downward_x_stress: 0.000000
INFO:opendrift.models.basemodel.environment:	surface_downward_y_stress: 0.000000
INFO:opendrift.models.basemodel.environment:	turbulent_kinetic_energy: 0.000000
INFO:opendrift.models.basemodel.environment:	turbulent_generic_length_scale: 0.000000
INFO:opendrift.models.basemodel.environment:	ocean_mixed_layer_thickness: 50.000000
INFO:opendrift.models.basemodel.environment:	sea_floor_depth_below_sea_level: 10000.000000
INFO:root:SKIPPING: model already ran for: 2024-06-23 08:38:00
INFO:opendrift.models.basemodel:OpenDriftSimulation initialised (version 1.11.7)
INFO:opendrift.readers.reader_netCDF_CF_generic:Opening dataset: http://hfrnet-tds.ucsd.edu/thredds/dodsC/HFR/USWC/2km/hourly/RTV/HFRADAR_US_West_Coast_2km_Resolution_Hourly_RTV_best.ncd
INFO:opendrift.readers.reader_netCDF_CF_generic:Detected dimensions: {'time': 'time', 'x': 'lon', 'y': 'lat'}
INFO:opendrift.readers.basereader:Variable x_sea_water_velocity will be rotated from surface_eastward_sea_water_velocity
INFO:opendrift.readers.basereader:Variable y_sea_water_velocity will be rotated from surface_northward_sea_water_velocity
INFO:opendrift.readers.reader_netCDF_CF_generic:Opening dataset: http://hfrnet-tds.ucsd.edu/thredds/dodsC/HFR/USWC/6km/hourly/RTV/HFRADAR_US_West_Coast_6km_Resolution_Hourly_RTV_best.ncd
INFO:opendrift.readers.reader_netCDF_CF_generic:Detected dimensions: {'time': 'time', 'x': 'lon', 'y': 'lat'}
INFO:opendrift.readers.basereader:Variable x_sea_water_velocity will be rotated from surface_eastward_sea_water_velocity
INFO:opendrift.readers.basereader:Variable y_sea_water_velocity will be rotated from surface_northward_sea_water_velocity
INFO:opendrift.models.basemodel.environment:Adding a dynamical landmask with max. priority based on assumed maximum speed of 2.0 m/s. Adding a customised landmask may be faster...
INFO:opendrift.models.basemodel.environment:Fallback values will be used for the following variables which have no readers: 
INFO:opendrift.models.basemodel.environment:	sea_surface_height: 0.000000
INFO:opendrift.models.basemodel.environment:	x_wind: 0.000000
INFO:opendrift.models.basemodel.environment:	y_wind: 0.000000
INFO:opendrift.models.basemodel.environment:	upward_sea_water_velocity: 0.000000
INFO:opendrift.models.basemodel.environment:	ocean_vertical_diffusivity: 0.000000
INFO:opendrift.models.basemodel.environment:	sea_surface_wave_significant_height: 0.000000
INFO:opendrift.models.basemodel.environment:	sea_surface_wave_stokes_drift_x_velocity: 0.000000
INFO:opendrift.models.basemodel.environment:	sea_surface_wave_stokes_drift_y_velocity: 0.000000
INFO:opendrift.models.basemodel.environment:	sea_surface_wave_period_at_variance_spectral_density_maximum: 0.000000
INFO:opendrift.models.basemodel.environment:	sea_surface_wave_mean_period_from_variance_spectral_density_second_frequency_moment: 0.000000
INFO:opendrift.models.basemodel.environment:	sea_surface_swell_wave_to_direction: 0.000000
INFO:opendrift.models.basemodel.environment:	sea_surface_swell_wave_peak_period_from_variance_spectral_density: 0.000000
INFO:opendrift.models.basemodel.environment:	sea_surface_swell_wave_significant_height: 0.000000
INFO:opendrift.models.basemodel.environment:	sea_surface_wind_wave_to_direction: 0.000000
INFO:opendrift.models.basemodel.environment:	sea_surface_wind_wave_mean_period: 0.000000
INFO:opendrift.models.basemodel.environment:	sea_surface_wind_wave_significant_height: 0.000000
INFO:opendrift.models.basemodel.environment:	surface_downward_x_stress: 0.000000
INFO:opendrift.models.basemodel.environment:	surface_downward_y_stress: 0.000000
INFO:opendrift.models.basemodel.environment:	turbulent_kinetic_energy: 0.000000
INFO:opendrift.models.basemodel.environment:	turbulent_generic_length_scale: 0.000000
INFO:opendrift.models.basemodel.environment:	ocean_mixed_layer_thickness: 50.000000
INFO:opendrift.models.basemodel.environment:	sea_floor_depth_below_sea_level: 10000.000000
INFO:opendrift.models.basemodel:OpenDriftSimulation initialised (version 1.11.7)
INFO:opendrift.readers.reader_netCDF_CF_generic:Opening dataset: http://hfrnet-tds.ucsd.edu/thredds/dodsC/HFR/USWC/2km/hourly/RTV/HFRADAR_US_West_Coast_2km_Resolution_Hourly_RTV_best.ncd
INFO:opendrift.readers.reader_netCDF_CF_generic:Detected dimensions: {'time': 'time', 'x': 'lon', 'y': 'lat'}
INFO:opendrift.readers.basereader:Variable x_sea_water_velocity will be rotated from surface_eastward_sea_water_velocity
INFO:opendrift.readers.basereader:Variable y_sea_water_velocity will be rotated from surface_northward_sea_water_velocity
INFO:opendrift.readers.reader_netCDF_CF_generic:Opening dataset: http://hfrnet-tds.ucsd.edu/thredds/dodsC/HFR/USWC/6km/hourly/RTV/HFRADAR_US_West_Coast_6km_Resolution_Hourly_RTV_best.ncd
INFO:opendrift.readers.reader_netCDF_CF_generic:Detected dimensions: {'time': 'time', 'x': 'lon', 'y': 'lat'}
INFO:opendrift.readers.basereader:Variable x_sea_water_velocity will be rotated from surface_eastward_sea_water_velocity
INFO:opendrift.readers.basereader:Variable y_sea_water_velocity will be rotated from surface_northward_sea_water_velocity
INFO:opendrift.models.basemodel.environment:Adding a dynamical landmask with max. priority based on assumed maximum speed of 2.0 m/s. Adding a customised landmask may be faster...
INFO:opendrift.models.basemodel.environment:Fallback values will be used for the following variables which have no readers: 
INFO:opendrift.models.basemodel.environment:	sea_surface_height: 0.000000
INFO:opendrift.models.basemodel.environment:	x_wind: 0.000000
INFO:opendrift.models.basemodel.environment:	y_wind: 0.000000
INFO:opendrift.models.basemodel.environment:	upward_sea_water_velocity: 0.000000
INFO:opendrift.models.basemodel.environment:	ocean_vertical_diffusivity: 0.000000
INFO:opendrift.models.basemodel.environment:	sea_surface_wave_significant_height: 0.000000
INFO:opendrift.models.basemodel.environment:	sea_surface_wave_stokes_drift_x_velocity: 0.000000
INFO:opendrift.models.basemodel.environment:	sea_surface_wave_stokes_drift_y_velocity: 0.000000
INFO:opendrift.models.basemodel.environment:	sea_surface_wave_period_at_variance_spectral_density_maximum: 0.000000
INFO:opendrift.models.basemodel.environment:	sea_surface_wave_mean_period_from_variance_spectral_density_second_frequency_moment: 0.000000
INFO:opendrift.models.basemodel.environment:	sea_surface_swell_wave_to_direction: 0.000000
INFO:opendrift.models.basemodel.environment:	sea_surface_swell_wave_peak_period_from_variance_spectral_density: 0.000000
INFO:opendrift.models.basemodel.environment:	sea_surface_swell_wave_significant_height: 0.000000
INFO:opendrift.models.basemodel.environment:	sea_surface_wind_wave_to_direction: 0.000000
INFO:opendrift.models.basemodel.environment:	sea_surface_wind_wave_mean_period: 0.000000
INFO:opendrift.models.basemodel.environment:	sea_surface_wind_wave_significant_height: 0.000000
INFO:opendrift.models.basemodel.environment:	surface_downward_x_stress: 0.000000
INFO:opendrift.models.basemodel.environment:	surface_downward_y_stress: 0.000000
INFO:opendrift.models.basemodel.environment:	turbulent_kinetic_energy: 0.000000
INFO:opendrift.models.basemodel.environment:	turbulent_generic_length_scale: 0.000000
INFO:opendrift.models.basemodel.environment:	ocean_mixed_layer_thickness: 50.000000
INFO:opendrift.models.basemodel.environment:	sea_floor_depth_below_sea_level: 10000.000000
INFO:root:RUNNING: model on: 2024-06-23 23:18:00
INFO:opendrift.models.basemodel:Using existing reader for land_binary_mask
INFO:opendrift.models.basemodel:All points are in ocean
INFO:opendrift.models.basemodel:2024-06-23 23:18:00 - step 1 of 96 - 100 active elements (0 deactivated)
INFO:opendrift.models.basemodel:2024-06-23 23:33:00 - step 2 of 96 - 100 active elements (0 deactivated)
INFO:opendrift.models.basemodel:2024-06-23 23:48:00 - step 3 of 96 - 100 active elements (0 deactivated)
INFO:opendrift.models.basemodel:2024-06-24 00:03:00 - step 4 of 96 - 100 active elements (0 deactivated)
INFO:opendrift.models.basemodel:2024-06-24 00:18:00 - step 5 of 96 - 100 active elements (0 deactivated)
INFO:opendrift.models.basemodel:2024-06-24 00:33:00 - step 6 of 96 - 100 active elements (0 deactivated)
INFO:opendrift.models.basemodel:2024-06-24 00:48:00 - step 7 of 96 - 100 active elements (0 deactivated)
INFO:opendrift.models.basemodel:2024-06-24 01:03:00 - step 8 of 96 - 100 active elements (0 deactivated)
INFO:opendrift.models.basemodel:2024-06-24 01:18:00 - step 9 of 96 - 100 active elements (0 deactivated)
INFO:opendrift.models.basemodel:2024-06-24 01:33:00 - step 10 of 96 - 100 active elements (0 deactivated)
INFO:opendrift.models.basemodel:2024-06-24 01:48:00 - step 11 of 96 - 100 active elements (0 deactivated)
INFO:opendrift.models.basemodel:2024-06-24 02:03:00 - step 12 of 96 - 100 active elements (0 deactivated)
INFO:opendrift.models.basemodel:2024-06-24 02:18:00 - step 13 of 96 - 100 active elements (0 deactivated)
INFO:opendrift.models.basemodel:2024-06-24 02:33:00 - step 14 of 96 - 100 active elements (0 deactivated)
INFO:opendrift.models.basemodel:2024-06-24 02:48:00 - step 15 of 96 - 100 active elements (0 deactivated)
INFO:opendrift.models.basemodel:2024-06-24 03:03:00 - step 16 of 96 - 100 active elements (0 deactivated)
INFO:opendrift.models.basemodel:2024-06-24 03:18:00 - step 17 of 96 - 100 active elements (0 deactivated)
INFO:opendrift.models.basemodel:2024-06-24 03:33:00 - step 18 of 96 - 100 active elements (0 deactivated)
INFO:opendrift.models.basemodel:2024-06-24 03:48:00 - step 19 of 96 - 100 active elements (0 deactivated)
INFO:opendrift.models.basemodel:2024-06-24 04:03:00 - step 20 of 96 - 100 active elements (0 deactivated)
INFO:opendrift.models.basemodel:2024-06-24 04:18:00 - step 21 of 96 - 100 active elements (0 deactivated)
INFO:opendrift.models.basemodel:2024-06-24 04:33:00 - step 22 of 96 - 100 active elements (0 deactivated)
INFO:opendrift.models.basemodel:2024-06-24 04:48:00 - step 23 of 96 - 100 active elements (0 deactivated)
INFO:opendrift.models.basemodel:2024-06-24 05:03:00 - step 24 of 96 - 100 active elements (0 deactivated)
INFO:opendrift.models.basemodel:2024-06-24 05:18:00 - step 25 of 96 - 100 active elements (0 deactivated)
INFO:opendrift.models.basemodel:2024-06-24 05:33:00 - step 26 of 96 - 100 active elements (0 deactivated)
INFO:opendrift.models.basemodel:2024-06-24 05:48:00 - step 27 of 96 - 100 active elements (0 deactivated)
INFO:opendrift.models.basemodel:2024-06-24 06:03:00 - step 28 of 96 - 100 active elements (0 deactivated)
INFO:opendrift.models.basemodel:2024-06-24 06:18:00 - step 29 of 96 - 100 active elements (0 deactivated)
INFO:opendrift.models.basemodel:2024-06-24 06:33:00 - step 30 of 96 - 100 active elements (0 deactivated)
INFO:opendrift.models.basemodel:2024-06-24 06:48:00 - step 31 of 96 - 100 active elements (0 deactivated)
INFO:opendrift.models.basemodel:2024-06-24 07:03:00 - step 32 of 96 - 100 active elements (0 deactivated)
INFO:opendrift.models.basemodel:2024-06-24 07:18:00 - step 33 of 96 - 100 active elements (0 deactivated)
INFO:opendrift.models.basemodel:2024-06-24 07:33:00 - step 34 of 96 - 100 active elements (0 deactivated)
INFO:opendrift.models.basemodel:2024-06-24 07:48:00 - step 35 of 96 - 100 active elements (0 deactivated)
INFO:opendrift.models.basemodel:2024-06-24 08:03:00 - step 36 of 96 - 100 active elements (0 deactivated)
INFO:opendrift.models.basemodel:2024-06-24 08:18:00 - step 37 of 96 - 100 active elements (0 deactivated)
INFO:opendrift.models.basemodel:2024-06-24 08:33:00 - step 38 of 96 - 100 active elements (0 deactivated)
INFO:opendrift.models.basemodel:2024-06-24 08:48:00 - step 39 of 96 - 100 active elements (0 deactivated)
INFO:opendrift.models.basemodel:2024-06-24 09:03:00 - step 40 of 96 - 100 active elements (0 deactivated)
INFO:opendrift.models.basemodel:2024-06-24 09:18:00 - step 41 of 96 - 100 active elements (0 deactivated)
INFO:opendrift.models.basemodel:2024-06-24 09:33:00 - step 42 of 96 - 100 active elements (0 deactivated)
INFO:opendrift.models.basemodel:2024-06-24 09:48:00 - step 43 of 96 - 100 active elements (0 deactivated)
INFO:opendrift.models.basemodel:2024-06-24 10:03:00 - step 44 of 96 - 100 active elements (0 deactivated)
INFO:opendrift.models.basemodel:2024-06-24 10:18:00 - step 45 of 96 - 100 active elements (0 deactivated)
INFO:opendrift.models.basemodel:2024-06-24 10:33:00 - step 46 of 96 - 100 active elements (0 deactivated)
INFO:opendrift.models.basemodel:2024-06-24 10:48:00 - step 47 of 96 - 100 active elements (0 deactivated)
INFO:opendrift.models.basemodel:2024-06-24 11:03:00 - step 48 of 96 - 100 active elements (0 deactivated)
INFO:opendrift.models.basemodel:2024-06-24 11:18:00 - step 49 of 96 - 100 active elements (0 deactivated)
INFO:opendrift.models.basemodel:2024-06-24 11:33:00 - step 50 of 96 - 100 active elements (0 deactivated)
INFO:opendrift.models.basemodel:2024-06-24 11:48:00 - step 51 of 96 - 100 active elements (0 deactivated)
INFO:opendrift.models.basemodel:2024-06-24 12:03:00 - step 52 of 96 - 100 active elements (0 deactivated)
INFO:opendrift.models.basemodel:2024-06-24 12:18:00 - step 53 of 96 - 100 active elements (0 deactivated)
INFO:opendrift.models.basemodel:2024-06-24 12:33:00 - step 54 of 96 - 100 active elements (0 deactivated)
INFO:opendrift.models.basemodel:2024-06-24 12:48:00 - step 55 of 96 - 100 active elements (0 deactivated)
INFO:opendrift.models.basemodel:2024-06-24 13:03:00 - step 56 of 96 - 100 active elements (0 deactivated)
INFO:opendrift.models.basemodel:2024-06-24 13:18:00 - step 57 of 96 - 100 active elements (0 deactivated)
INFO:opendrift.models.basemodel:2024-06-24 13:33:00 - step 58 of 96 - 100 active elements (0 deactivated)
INFO:opendrift.models.basemodel:2024-06-24 13:48:00 - step 59 of 96 - 100 active elements (0 deactivated)
INFO:opendrift.models.basemodel:2024-06-24 14:03:00 - step 60 of 96 - 100 active elements (0 deactivated)
INFO:opendrift.models.basemodel:2024-06-24 14:18:00 - step 61 of 96 - 100 active elements (0 deactivated)
INFO:opendrift.models.basemodel:2024-06-24 14:33:00 - step 62 of 96 - 100 active elements (0 deactivated)
INFO:opendrift.models.basemodel:2024-06-24 14:48:00 - step 63 of 96 - 100 active elements (0 deactivated)
INFO:opendrift.models.basemodel:2024-06-24 15:03:00 - step 64 of 96 - 100 active elements (0 deactivated)
INFO:opendrift.models.basemodel:2024-06-24 15:18:00 - step 65 of 96 - 100 active elements (0 deactivated)
INFO:opendrift.models.basemodel:2024-06-24 15:33:00 - step 66 of 96 - 100 active elements (0 deactivated)
INFO:opendrift.models.basemodel:2024-06-24 15:48:00 - step 67 of 96 - 100 active elements (0 deactivated)
INFO:opendrift.models.basemodel:2024-06-24 16:03:00 - step 68 of 96 - 100 active elements (0 deactivated)
INFO:opendrift.models.basemodel:2024-06-24 16:18:00 - step 69 of 96 - 100 active elements (0 deactivated)
INFO:opendrift.models.basemodel:2024-06-24 16:33:00 - step 70 of 96 - 100 active elements (0 deactivated)
INFO:opendrift.models.basemodel:2024-06-24 16:48:00 - step 71 of 96 - 100 active elements (0 deactivated)
INFO:opendrift.models.basemodel:2024-06-24 17:03:00 - step 72 of 96 - 100 active elements (0 deactivated)
INFO:opendrift.models.basemodel:2024-06-24 17:18:00 - step 73 of 96 - 100 active elements (0 deactivated)
INFO:opendrift.models.basemodel:2024-06-24 17:33:00 - step 74 of 96 - 100 active elements (0 deactivated)
INFO:opendrift.models.basemodel:2024-06-24 17:48:00 - step 75 of 96 - 100 active elements (0 deactivated)
INFO:opendrift.models.basemodel:2024-06-24 18:03:00 - step 76 of 96 - 100 active elements (0 deactivated)
INFO:opendrift.models.basemodel:2024-06-24 18:18:00 - step 77 of 96 - 100 active elements (0 deactivated)
INFO:opendrift.models.basemodel:2024-06-24 18:33:00 - step 78 of 96 - 100 active elements (0 deactivated)
INFO:opendrift.models.basemodel:2024-06-24 18:48:00 - step 79 of 96 - 100 active elements (0 deactivated)
INFO:opendrift.models.basemodel:2024-06-24 19:03:00 - step 80 of 96 - 100 active elements (0 deactivated)
INFO:opendrift.models.basemodel:2024-06-24 19:18:00 - step 81 of 96 - 100 active elements (0 deactivated)
INFO:opendrift.models.basemodel:2024-06-24 19:33:00 - step 82 of 96 - 100 active elements (0 deactivated)
INFO:opendrift.models.basemodel:2024-06-24 19:48:00 - step 83 of 96 - 100 active elements (0 deactivated)
INFO:opendrift.models.basemodel:2024-06-24 20:03:00 - step 84 of 96 - 100 active elements (0 deactivated)
INFO:opendrift.models.basemodel:2024-06-24 20:18:00 - step 85 of 96 - 100 active elements (0 deactivated)
INFO:opendrift.models.basemodel:2024-06-24 20:33:00 - step 86 of 96 - 100 active elements (0 deactivated)
INFO:opendrift.models.basemodel:2024-06-24 20:48:00 - step 87 of 96 - 100 active elements (0 deactivated)
INFO:opendrift.models.basemodel:2024-06-24 21:03:00 - step 88 of 96 - 100 active elements (0 deactivated)
INFO:opendrift.models.basemodel:2024-06-24 21:18:00 - step 89 of 96 - 100 active elements (0 deactivated)
INFO:opendrift.models.basemodel:2024-06-24 21:33:00 - step 90 of 96 - 100 active elements (0 deactivated)
INFO:opendrift.models.basemodel:2024-06-24 21:48:00 - step 91 of 96 - 100 active elements (0 deactivated)
INFO:opendrift.models.basemodel:2024-06-24 22:03:00 - step 92 of 96 - 100 active elements (0 deactivated)
INFO:opendrift.models.basemodel:2024-06-24 22:18:00 - step 93 of 96 - 100 active elements (0 deactivated)
INFO:opendrift.models.basemodel:2024-06-24 22:33:00 - step 94 of 96 - 100 active elements (0 deactivated)
INFO:opendrift.models.basemodel:2024-06-24 22:48:00 - step 95 of 96 - 100 active elements (0 deactivated)
INFO:opendrift.models.basemodel:2024-06-24 23:03:00 - step 96 of 96 - 100 active elements (0 deactivated)
INFO:opendrift.models.basemodel:Using existing reader for land_binary_mask
INFO:opendrift.models.basemodel:Moving 1 out of 750 points from land to water
INFO:opendrift.models.basemodel:2024-06-23 23:18:00 - step 1 of 96 - 50 active elements (0 deactivated)
INFO:opendrift.models.basemodel:2024-06-23 23:33:00 - step 2 of 96 - 50 active elements (0 deactivated)
INFO:opendrift.models.basemodel:2024-06-23 23:48:00 - step 3 of 96 - 50 active elements (0 deactivated)
INFO:opendrift.models.basemodel:2024-06-24 00:03:00 - step 4 of 96 - 50 active elements (0 deactivated)
INFO:opendrift.models.basemodel:2024-06-24 00:18:00 - step 5 of 96 - 100 active elements (0 deactivated)
INFO:opendrift.models.basemodel:2024-06-24 00:33:00 - step 6 of 96 - 100 active elements (0 deactivated)
INFO:opendrift.models.basemodel:2024-06-24 00:48:00 - step 7 of 96 - 100 active elements (0 deactivated)
INFO:opendrift.models.basemodel:2024-06-24 01:03:00 - step 8 of 96 - 100 active elements (0 deactivated)
INFO:opendrift.models.basemodel:2024-06-24 01:18:00 - step 9 of 96 - 150 active elements (0 deactivated)
INFO:opendrift.models.basemodel:2024-06-24 01:33:00 - step 10 of 96 - 150 active elements (0 deactivated)
INFO:opendrift.models.basemodel:2024-06-24 01:48:00 - step 11 of 96 - 150 active elements (0 deactivated)
INFO:opendrift.models.basemodel:2024-06-24 02:03:00 - step 12 of 96 - 150 active elements (0 deactivated)
INFO:opendrift.models.basemodel:2024-06-24 02:18:00 - step 13 of 96 - 200 active elements (0 deactivated)
INFO:opendrift.models.basemodel:2024-06-24 02:33:00 - step 14 of 96 - 200 active elements (0 deactivated)
INFO:opendrift.models.basemodel:2024-06-24 02:48:00 - step 15 of 96 - 200 active elements (0 deactivated)
INFO:opendrift.models.basemodel:2024-06-24 03:03:00 - step 16 of 96 - 200 active elements (0 deactivated)
INFO:opendrift.models.basemodel:2024-06-24 03:18:00 - step 17 of 96 - 250 active elements (0 deactivated)
INFO:opendrift.models.basemodel:2024-06-24 03:33:00 - step 18 of 96 - 250 active elements (0 deactivated)
INFO:opendrift.models.basemodel:2024-06-24 03:48:00 - step 19 of 96 - 250 active elements (0 deactivated)
INFO:opendrift.models.basemodel:2024-06-24 04:03:00 - step 20 of 96 - 250 active elements (0 deactivated)
INFO:opendrift.models.basemodel:2024-06-24 04:18:00 - step 21 of 96 - 300 active elements (0 deactivated)
INFO:opendrift.models.basemodel:2024-06-24 04:33:00 - step 22 of 96 - 300 active elements (0 deactivated)
INFO:opendrift.models.basemodel:2024-06-24 04:48:00 - step 23 of 96 - 300 active elements (0 deactivated)
INFO:opendrift.models.basemodel:2024-06-24 05:03:00 - step 24 of 96 - 300 active elements (0 deactivated)
INFO:opendrift.models.basemodel:2024-06-24 05:18:00 - step 25 of 96 - 350 active elements (0 deactivated)
INFO:opendrift.models.basemodel:2024-06-24 05:33:00 - step 26 of 96 - 350 active elements (0 deactivated)
INFO:opendrift.models.basemodel:2024-06-24 05:48:00 - step 27 of 96 - 350 active elements (0 deactivated)
INFO:opendrift.models.basemodel:2024-06-24 06:03:00 - step 28 of 96 - 350 active elements (0 deactivated)
INFO:opendrift.models.basemodel:2024-06-24 06:18:00 - step 29 of 96 - 400 active elements (0 deactivated)
INFO:opendrift.models.basemodel:2024-06-24 06:33:00 - step 30 of 96 - 400 active elements (0 deactivated)
INFO:opendrift.models.basemodel:2024-06-24 06:48:00 - step 31 of 96 - 400 active elements (0 deactivated)
INFO:opendrift.models.basemodel:2024-06-24 07:03:00 - step 32 of 96 - 400 active elements (0 deactivated)
INFO:opendrift.models.basemodel:2024-06-24 07:18:00 - step 33 of 96 - 450 active elements (0 deactivated)
INFO:opendrift.models.basemodel:2024-06-24 07:33:00 - step 34 of 96 - 450 active elements (0 deactivated)
INFO:opendrift.models.basemodel:2024-06-24 07:48:00 - step 35 of 96 - 450 active elements (0 deactivated)
INFO:opendrift.models.basemodel:2024-06-24 08:03:00 - step 36 of 96 - 450 active elements (0 deactivated)
INFO:opendrift.models.basemodel:2024-06-24 08:18:00 - step 37 of 96 - 500 active elements (0 deactivated)
INFO:opendrift.models.basemodel:2024-06-24 08:33:00 - step 38 of 96 - 500 active elements (0 deactivated)
INFO:opendrift.models.basemodel:2024-06-24 08:48:00 - step 39 of 96 - 500 active elements (0 deactivated)
INFO:opendrift.models.basemodel:2024-06-24 09:03:00 - step 40 of 96 - 500 active elements (0 deactivated)
INFO:opendrift.models.basemodel:2024-06-24 09:18:00 - step 41 of 96 - 550 active elements (0 deactivated)
INFO:opendrift.models.basemodel:2024-06-24 09:33:00 - step 42 of 96 - 550 active elements (0 deactivated)
INFO:opendrift.models.basemodel:2024-06-24 09:48:00 - step 43 of 96 - 550 active elements (0 deactivated)
INFO:opendrift.models.basemodel:2024-06-24 10:03:00 - step 44 of 96 - 550 active elements (0 deactivated)
INFO:opendrift.models.basemodel:2024-06-24 10:18:00 - step 45 of 96 - 600 active elements (0 deactivated)
INFO:opendrift.models.basemodel:2024-06-24 10:33:00 - step 46 of 96 - 600 active elements (0 deactivated)
INFO:opendrift.models.basemodel:2024-06-24 10:48:00 - step 47 of 96 - 600 active elements (0 deactivated)
INFO:opendrift.models.basemodel:2024-06-24 11:03:00 - step 48 of 96 - 600 active elements (0 deactivated)
INFO:opendrift.models.basemodel:2024-06-24 11:18:00 - step 49 of 96 - 650 active elements (0 deactivated)
INFO:opendrift.models.basemodel:2024-06-24 11:33:00 - step 50 of 96 - 650 active elements (0 deactivated)
INFO:opendrift.models.basemodel:2024-06-24 11:48:00 - step 51 of 96 - 650 active elements (0 deactivated)
INFO:opendrift.models.basemodel:2024-06-24 12:03:00 - step 52 of 96 - 650 active elements (0 deactivated)
INFO:opendrift.models.basemodel:2024-06-24 12:18:00 - step 53 of 96 - 700 active elements (0 deactivated)
INFO:opendrift.models.basemodel:2024-06-24 12:33:00 - step 54 of 96 - 700 active elements (0 deactivated)
INFO:opendrift.models.basemodel:2024-06-24 12:48:00 - step 55 of 96 - 700 active elements (0 deactivated)
INFO:opendrift.models.basemodel:2024-06-24 13:03:00 - step 56 of 96 - 700 active elements (0 deactivated)
INFO:opendrift.models.basemodel:2024-06-24 13:18:00 - step 57 of 96 - 750 active elements (0 deactivated)
INFO:opendrift.models.basemodel:2024-06-24 13:33:00 - step 58 of 96 - 750 active elements (0 deactivated)
INFO:opendrift.models.basemodel:2024-06-24 13:48:00 - step 59 of 96 - 750 active elements (0 deactivated)
INFO:opendrift.models.basemodel:2024-06-24 14:03:00 - step 60 of 96 - 750 active elements (0 deactivated)
INFO:opendrift.models.basemodel:2024-06-24 14:18:00 - step 61 of 96 - 750 active elements (0 deactivated)
INFO:opendrift.models.basemodel:2024-06-24 14:33:00 - step 62 of 96 - 750 active elements (0 deactivated)
INFO:opendrift.models.basemodel:2024-06-24 14:48:00 - step 63 of 96 - 750 active elements (0 deactivated)
INFO:opendrift.models.basemodel:2024-06-24 15:03:00 - step 64 of 96 - 750 active elements (0 deactivated)
INFO:opendrift.models.basemodel:2024-06-24 15:18:00 - step 65 of 96 - 750 active elements (0 deactivated)
INFO:opendrift.models.basemodel:2024-06-24 15:33:00 - step 66 of 96 - 750 active elements (0 deactivated)
INFO:opendrift.models.basemodel:2024-06-24 15:48:00 - step 67 of 96 - 750 active elements (0 deactivated)
INFO:opendrift.models.basemodel:2024-06-24 16:03:00 - step 68 of 96 - 750 active elements (0 deactivated)
INFO:opendrift.models.basemodel:2024-06-24 16:18:00 - step 69 of 96 - 750 active elements (0 deactivated)
INFO:opendrift.models.basemodel:2024-06-24 16:33:00 - step 70 of 96 - 750 active elements (0 deactivated)
INFO:opendrift.models.basemodel:2024-06-24 16:48:00 - step 71 of 96 - 750 active elements (0 deactivated)
INFO:opendrift.models.basemodel:2024-06-24 17:03:00 - step 72 of 96 - 750 active elements (0 deactivated)
INFO:opendrift.models.basemodel:2024-06-24 17:18:00 - step 73 of 96 - 750 active elements (0 deactivated)
INFO:opendrift.models.basemodel:2024-06-24 17:33:00 - step 74 of 96 - 750 active elements (0 deactivated)
INFO:opendrift.models.basemodel:2024-06-24 17:48:00 - step 75 of 96 - 750 active elements (0 deactivated)
INFO:opendrift.models.basemodel:2024-06-24 18:03:00 - step 76 of 96 - 750 active elements (0 deactivated)
INFO:opendrift.models.basemodel:2024-06-24 18:18:00 - step 77 of 96 - 750 active elements (0 deactivated)
INFO:opendrift.models.basemodel:2024-06-24 18:33:00 - step 78 of 96 - 750 active elements (0 deactivated)
INFO:opendrift.models.basemodel:2024-06-24 18:48:00 - step 79 of 96 - 750 active elements (0 deactivated)
INFO:opendrift.models.basemodel:2024-06-24 19:03:00 - step 80 of 96 - 750 active elements (0 deactivated)
INFO:opendrift.models.basemodel:2024-06-24 19:18:00 - step 81 of 96 - 750 active elements (0 deactivated)
INFO:opendrift.models.basemodel:2024-06-24 19:33:00 - step 82 of 96 - 750 active elements (0 deactivated)
INFO:opendrift.models.basemodel:2024-06-24 19:48:00 - step 83 of 96 - 750 active elements (0 deactivated)
INFO:opendrift.models.basemodel:2024-06-24 20:03:00 - step 84 of 96 - 750 active elements (0 deactivated)
INFO:opendrift.models.basemodel:2024-06-24 20:18:00 - step 85 of 96 - 750 active elements (0 deactivated)
INFO:opendrift.models.basemodel:2024-06-24 20:33:00 - step 86 of 96 - 750 active elements (0 deactivated)
INFO:opendrift.models.basemodel:2024-06-24 20:48:00 - step 87 of 96 - 750 active elements (0 deactivated)
INFO:opendrift.models.basemodel:2024-06-24 21:03:00 - step 88 of 96 - 750 active elements (0 deactivated)
INFO:opendrift.models.basemodel:2024-06-24 21:18:00 - step 89 of 96 - 750 active elements (0 deactivated)
INFO:opendrift.models.basemodel:2024-06-24 21:33:00 - step 90 of 96 - 750 active elements (0 deactivated)
INFO:opendrift.models.basemodel:2024-06-24 21:48:00 - step 91 of 96 - 750 active elements (0 deactivated)
INFO:opendrift.models.basemodel:2024-06-24 22:03:00 - step 92 of 96 - 750 active elements (0 deactivated)
INFO:opendrift.models.basemodel:2024-06-24 22:18:00 - step 93 of 96 - 750 active elements (0 deactivated)
INFO:opendrift.models.basemodel:2024-06-24 22:33:00 - step 94 of 96 - 750 active elements (0 deactivated)
INFO:opendrift.models.basemodel:2024-06-24 22:48:00 - step 95 of 96 - 750 active elements (0 deactivated)
INFO:opendrift.models.basemodel:2024-06-24 23:03:00 - step 96 of 96 - 750 active elements (0 deactivated)
INFO:opendrift.export.io_netcdf:Wrote 97 steps to file /home/pdaniel/SurfaceCurrentMaps/DailyModelRuns/model_output/concave_hrf_20240623T231800_continuous.nc
INFO:opendrift.models.basemodel:OpenDriftSimulation initialised (version 1.11.7)
INFO:opendrift.readers.reader_netCDF_CF_generic:Opening dataset: http://hfrnet-tds.ucsd.edu/thredds/dodsC/HFR/USWC/2km/hourly/RTV/HFRADAR_US_West_Coast_2km_Resolution_Hourly_RTV_best.ncd
INFO:opendrift.readers.reader_netCDF_CF_generic:Detected dimensions: {'time': 'time', 'x': 'lon', 'y': 'lat'}
INFO:opendrift.readers.basereader:Variable x_sea_water_velocity will be rotated from surface_eastward_sea_water_velocity
INFO:opendrift.readers.basereader:Variable y_sea_water_velocity will be rotated from surface_northward_sea_water_velocity
INFO:opendrift.readers.reader_netCDF_CF_generic:Opening dataset: http://hfrnet-tds.ucsd.edu/thredds/dodsC/HFR/USWC/6km/hourly/RTV/HFRADAR_US_West_Coast_6km_Resolution_Hourly_RTV_best.ncd
INFO:opendrift.readers.reader_netCDF_CF_generic:Detected dimensions: {'time': 'time', 'x': 'lon', 'y': 'lat'}
INFO:opendrift.readers.basereader:Variable x_sea_water_velocity will be rotated from surface_eastward_sea_water_velocity
INFO:opendrift.readers.basereader:Variable y_sea_water_velocity will be rotated from surface_northward_sea_water_velocity
INFO:opendrift.models.basemodel.environment:Adding a dynamical landmask with max. priority based on assumed maximum speed of 2.0 m/s. Adding a customised landmask may be faster...
INFO:opendrift.models.basemodel.environment:Fallback values will be used for the following variables which have no readers: 
INFO:opendrift.models.basemodel.environment:	sea_surface_height: 0.000000
INFO:opendrift.models.basemodel.environment:	x_wind: 0.000000
INFO:opendrift.models.basemodel.environment:	y_wind: 0.000000
INFO:opendrift.models.basemodel.environment:	upward_sea_water_velocity: 0.000000
INFO:opendrift.models.basemodel.environment:	ocean_vertical_diffusivity: 0.000000
INFO:opendrift.models.basemodel.environment:	sea_surface_wave_significant_height: 0.000000
INFO:opendrift.models.basemodel.environment:	sea_surface_wave_stokes_drift_x_velocity: 0.000000
INFO:opendrift.models.basemodel.environment:	sea_surface_wave_stokes_drift_y_velocity: 0.000000
INFO:opendrift.models.basemodel.environment:	sea_surface_wave_period_at_variance_spectral_density_maximum: 0.000000
INFO:opendrift.models.basemodel.environment:	sea_surface_wave_mean_period_from_variance_spectral_density_second_frequency_moment: 0.000000
INFO:opendrift.models.basemodel.environment:	sea_surface_swell_wave_to_direction: 0.000000
INFO:opendrift.models.basemodel.environment:	sea_surface_swell_wave_peak_period_from_variance_spectral_density: 0.000000
INFO:opendrift.models.basemodel.environment:	sea_surface_swell_wave_significant_height: 0.000000
INFO:opendrift.models.basemodel.environment:	sea_surface_wind_wave_to_direction: 0.000000
INFO:opendrift.models.basemodel.environment:	sea_surface_wind_wave_mean_period: 0.000000
INFO:opendrift.models.basemodel.environment:	sea_surface_wind_wave_significant_height: 0.000000
INFO:opendrift.models.basemodel.environment:	surface_downward_x_stress: 0.000000
INFO:opendrift.models.basemodel.environment:	surface_downward_y_stress: 0.000000
INFO:opendrift.models.basemodel.environment:	turbulent_kinetic_energy: 0.000000
INFO:opendrift.models.basemodel.environment:	turbulent_generic_length_scale: 0.000000
INFO:opendrift.models.basemodel.environment:	ocean_mixed_layer_thickness: 50.000000
INFO:opendrift.models.basemodel.environment:	sea_floor_depth_below_sea_level: 10000.000000
INFO:opendrift.models.basemodel:OpenDriftSimulation initialised (version 1.11.7)
INFO:opendrift.readers.reader_netCDF_CF_generic:Opening dataset: http://hfrnet-tds.ucsd.edu/thredds/dodsC/HFR/USWC/2km/hourly/RTV/HFRADAR_US_West_Coast_2km_Resolution_Hourly_RTV_best.ncd
INFO:opendrift.readers.reader_netCDF_CF_generic:Detected dimensions: {'time': 'time', 'x': 'lon', 'y': 'lat'}
INFO:opendrift.readers.basereader:Variable x_sea_water_velocity will be rotated from surface_eastward_sea_water_velocity
INFO:opendrift.readers.basereader:Variable y_sea_water_velocity will be rotated from surface_northward_sea_water_velocity
INFO:opendrift.readers.reader_netCDF_CF_generic:Opening dataset: http://hfrnet-tds.ucsd.edu/thredds/dodsC/HFR/USWC/6km/hourly/RTV/HFRADAR_US_West_Coast_6km_Resolution_Hourly_RTV_best.ncd
INFO:opendrift.readers.reader_netCDF_CF_generic:Detected dimensions: {'time': 'time', 'x': 'lon', 'y': 'lat'}
INFO:opendrift.readers.basereader:Variable x_sea_water_velocity will be rotated from surface_eastward_sea_water_velocity
INFO:opendrift.readers.basereader:Variable y_sea_water_velocity will be rotated from surface_northward_sea_water_velocity
INFO:opendrift.models.basemodel.environment:Adding a dynamical landmask with max. priority based on assumed maximum speed of 2.0 m/s. Adding a customised landmask may be faster...
INFO:opendrift.models.basemodel.environment:Fallback values will be used for the following variables which have no readers: 
INFO:opendrift.models.basemodel.environment:	sea_surface_height: 0.000000
INFO:opendrift.models.basemodel.environment:	x_wind: 0.000000
INFO:opendrift.models.basemodel.environment:	y_wind: 0.000000
INFO:opendrift.models.basemodel.environment:	upward_sea_water_velocity: 0.000000
INFO:opendrift.models.basemodel.environment:	ocean_vertical_diffusivity: 0.000000
INFO:opendrift.models.basemodel.environment:	sea_surface_wave_significant_height: 0.000000
INFO:opendrift.models.basemodel.environment:	sea_surface_wave_stokes_drift_x_velocity: 0.000000
INFO:opendrift.models.basemodel.environment:	sea_surface_wave_stokes_drift_y_velocity: 0.000000
INFO:opendrift.models.basemodel.environment:	sea_surface_wave_period_at_variance_spectral_density_maximum: 0.000000
INFO:opendrift.models.basemodel.environment:	sea_surface_wave_mean_period_from_variance_spectral_density_second_frequency_moment: 0.000000
INFO:opendrift.models.basemodel.environment:	sea_surface_swell_wave_to_direction: 0.000000
INFO:opendrift.models.basemodel.environment:	sea_surface_swell_wave_peak_period_from_variance_spectral_density: 0.000000
INFO:opendrift.models.basemodel.environment:	sea_surface_swell_wave_significant_height: 0.000000
INFO:opendrift.models.basemodel.environment:	sea_surface_wind_wave_to_direction: 0.000000
INFO:opendrift.models.basemodel.environment:	sea_surface_wind_wave_mean_period: 0.000000
INFO:opendrift.models.basemodel.environment:	sea_surface_wind_wave_significant_height: 0.000000
INFO:opendrift.models.basemodel.environment:	surface_downward_x_stress: 0.000000
INFO:opendrift.models.basemodel.environment:	surface_downward_y_stress: 0.000000
INFO:opendrift.models.basemodel.environment:	turbulent_kinetic_energy: 0.000000
INFO:opendrift.models.basemodel.environment:	turbulent_generic_length_scale: 0.000000
INFO:opendrift.models.basemodel.environment:	ocean_mixed_layer_thickness: 50.000000
INFO:opendrift.models.basemodel.environment:	sea_floor_depth_below_sea_level: 10000.000000
INFO:root:SKIPPING: model already ran for: 2024-06-23 08:38:00
INFO:opendrift.models.basemodel:OpenDriftSimulation initialised (version 1.11.7)
INFO:opendrift.readers.reader_netCDF_CF_generic:Opening dataset: http://hfrnet-tds.ucsd.edu/thredds/dodsC/HFR/USWC/2km/hourly/RTV/HFRADAR_US_West_Coast_2km_Resolution_Hourly_RTV_best.ncd
INFO:opendrift.readers.reader_netCDF_CF_generic:Detected dimensions: {'time': 'time', 'x': 'lon', 'y': 'lat'}
INFO:opendrift.readers.basereader:Variable x_sea_water_velocity will be rotated from surface_eastward_sea_water_velocity
INFO:opendrift.readers.basereader:Variable y_sea_water_velocity will be rotated from surface_northward_sea_water_velocity
INFO:opendrift.readers.reader_netCDF_CF_generic:Opening dataset: http://hfrnet-tds.ucsd.edu/thredds/dodsC/HFR/USWC/6km/hourly/RTV/HFRADAR_US_West_Coast_6km_Resolution_Hourly_RTV_best.ncd
INFO:opendrift.readers.reader_netCDF_CF_generic:Detected dimensions: {'time': 'time', 'x': 'lon', 'y': 'lat'}
INFO:opendrift.readers.basereader:Variable x_sea_water_velocity will be rotated from surface_eastward_sea_water_velocity
INFO:opendrift.readers.basereader:Variable y_sea_water_velocity will be rotated from surface_northward_sea_water_velocity
INFO:opendrift.models.basemodel.environment:Adding a dynamical landmask with max. priority based on assumed maximum speed of 2.0 m/s. Adding a customised landmask may be faster...
INFO:opendrift.models.basemodel.environment:Fallback values will be used for the following variables which have no readers: 
INFO:opendrift.models.basemodel.environment:	sea_surface_height: 0.000000
INFO:opendrift.models.basemodel.environment:	x_wind: 0.000000
INFO:opendrift.models.basemodel.environment:	y_wind: 0.000000
INFO:opendrift.models.basemodel.environment:	upward_sea_water_velocity: 0.000000
INFO:opendrift.models.basemodel.environment:	ocean_vertical_diffusivity: 0.000000
INFO:opendrift.models.basemodel.environment:	sea_surface_wave_significant_height: 0.000000
INFO:opendrift.models.basemodel.environment:	sea_surface_wave_stokes_drift_x_velocity: 0.000000
INFO:opendrift.models.basemodel.environment:	sea_surface_wave_stokes_drift_y_velocity: 0.000000
INFO:opendrift.models.basemodel.environment:	sea_surface_wave_period_at_variance_spectral_density_maximum: 0.000000
INFO:opendrift.models.basemodel.environment:	sea_surface_wave_mean_period_from_variance_spectral_density_second_frequency_moment: 0.000000
INFO:opendrift.models.basemodel.environment:	sea_surface_swell_wave_to_direction: 0.000000
INFO:opendrift.models.basemodel.environment:	sea_surface_swell_wave_peak_period_from_variance_spectral_density: 0.000000
INFO:opendrift.models.basemodel.environment:	sea_surface_swell_wave_significant_height: 0.000000
INFO:opendrift.models.basemodel.environment:	sea_surface_wind_wave_to_direction: 0.000000
INFO:opendrift.models.basemodel.environment:	sea_surface_wind_wave_mean_period: 0.000000
INFO:opendrift.models.basemodel.environment:	sea_surface_wind_wave_significant_height: 0.000000
INFO:opendrift.models.basemodel.environment:	surface_downward_x_stress: 0.000000
INFO:opendrift.models.basemodel.environment:	surface_downward_y_stress: 0.000000
INFO:opendrift.models.basemodel.environment:	turbulent_kinetic_energy: 0.000000
INFO:opendrift.models.basemodel.environment:	turbulent_generic_length_scale: 0.000000
INFO:opendrift.models.basemodel.environment:	ocean_mixed_layer_thickness: 50.000000
INFO:opendrift.models.basemodel.environment:	sea_floor_depth_below_sea_level: 10000.000000
INFO:opendrift.models.basemodel:OpenDriftSimulation initialised (version 1.11.7)
INFO:opendrift.readers.reader_netCDF_CF_generic:Opening dataset: http://hfrnet-tds.ucsd.edu/thredds/dodsC/HFR/USWC/2km/hourly/RTV/HFRADAR_US_West_Coast_2km_Resolution_Hourly_RTV_best.ncd
INFO:opendrift.readers.reader_netCDF_CF_generic:Detected dimensions: {'time': 'time', 'x': 'lon', 'y': 'lat'}
INFO:opendrift.readers.basereader:Variable x_sea_water_velocity will be rotated from surface_eastward_sea_water_velocity
INFO:opendrift.readers.basereader:Variable y_sea_water_velocity will be rotated from surface_northward_sea_water_velocity
INFO:opendrift.readers.reader_netCDF_CF_generic:Opening dataset: http://hfrnet-tds.ucsd.edu/thredds/dodsC/HFR/USWC/6km/hourly/RTV/HFRADAR_US_West_Coast_6km_Resolution_Hourly_RTV_best.ncd
INFO:opendrift.readers.reader_netCDF_CF_generic:Detected dimensions: {'time': 'time', 'x': 'lon', 'y': 'lat'}
INFO:opendrift.readers.basereader:Variable x_sea_water_velocity will be rotated from surface_eastward_sea_water_velocity
INFO:opendrift.readers.basereader:Variable y_sea_water_velocity will be rotated from surface_northward_sea_water_velocity
INFO:opendrift.models.basemodel.environment:Adding a dynamical landmask with max. priority based on assumed maximum speed of 2.0 m/s. Adding a customised landmask may be faster...
INFO:opendrift.models.basemodel.environment:Fallback values will be used for the following variables which have no readers: 
INFO:opendrift.models.basemodel.environment:	sea_surface_height: 0.000000
INFO:opendrift.models.basemodel.environment:	x_wind: 0.000000
INFO:opendrift.models.basemodel.environment:	y_wind: 0.000000
INFO:opendrift.models.basemodel.environment:	upward_sea_water_velocity: 0.000000
INFO:opendrift.models.basemodel.environment:	ocean_vertical_diffusivity: 0.000000
INFO:opendrift.models.basemodel.environment:	sea_surface_wave_significant_height: 0.000000
INFO:opendrift.models.basemodel.environment:	sea_surface_wave_stokes_drift_x_velocity: 0.000000
INFO:opendrift.models.basemodel.environment:	sea_surface_wave_stokes_drift_y_velocity: 0.000000
INFO:opendrift.models.basemodel.environment:	sea_surface_wave_period_at_variance_spectral_density_maximum: 0.000000
INFO:opendrift.models.basemodel.environment:	sea_surface_wave_mean_period_from_variance_spectral_density_second_frequency_moment: 0.000000
INFO:opendrift.models.basemodel.environment:	sea_surface_swell_wave_to_direction: 0.000000
INFO:opendrift.models.basemodel.environment:	sea_surface_swell_wave_peak_period_from_variance_spectral_density: 0.000000
INFO:opendrift.models.basemodel.environment:	sea_surface_swell_wave_significant_height: 0.000000
INFO:opendrift.models.basemodel.environment:	sea_surface_wind_wave_to_direction: 0.000000
INFO:opendrift.models.basemodel.environment:	sea_surface_wind_wave_mean_period: 0.000000
INFO:opendrift.models.basemodel.environment:	sea_surface_wind_wave_significant_height: 0.000000
INFO:opendrift.models.basemodel.environment:	surface_downward_x_stress: 0.000000
INFO:opendrift.models.basemodel.environment:	surface_downward_y_stress: 0.000000
INFO:opendrift.models.basemodel.environment:	turbulent_kinetic_energy: 0.000000
INFO:opendrift.models.basemodel.environment:	turbulent_generic_length_scale: 0.000000
INFO:opendrift.models.basemodel.environment:	ocean_mixed_layer_thickness: 50.000000
INFO:opendrift.models.basemodel.environment:	sea_floor_depth_below_sea_level: 10000.000000
INFO:root:RUNNING: model on: 2024-06-23 23:18:00
INFO:opendrift.models.basemodel:Using existing reader for land_binary_mask
INFO:opendrift.models.basemodel:All points are in ocean
INFO:opendrift.models.basemodel:2024-06-23 23:18:00 - step 1 of 96 - 100 active elements (0 deactivated)
INFO:opendrift.models.basemodel:2024-06-23 23:33:00 - step 2 of 96 - 100 active elements (0 deactivated)
INFO:opendrift.models.basemodel:2024-06-23 23:48:00 - step 3 of 96 - 100 active elements (0 deactivated)
INFO:opendrift.models.basemodel:2024-06-24 00:03:00 - step 4 of 96 - 100 active elements (0 deactivated)
INFO:opendrift.models.basemodel:2024-06-24 00:18:00 - step 5 of 96 - 100 active elements (0 deactivated)
INFO:opendrift.models.basemodel:2024-06-24 00:33:00 - step 6 of 96 - 100 active elements (0 deactivated)
INFO:opendrift.models.basemodel:2024-06-24 00:48:00 - step 7 of 96 - 100 active elements (0 deactivated)
INFO:opendrift.models.basemodel:2024-06-24 01:03:00 - step 8 of 96 - 100 active elements (0 deactivated)
INFO:opendrift.models.basemodel:2024-06-24 01:18:00 - step 9 of 96 - 100 active elements (0 deactivated)
INFO:opendrift.models.basemodel:2024-06-24 01:33:00 - step 10 of 96 - 100 active elements (0 deactivated)
INFO:opendrift.models.basemodel:2024-06-24 01:48:00 - step 11 of 96 - 100 active elements (0 deactivated)
INFO:opendrift.models.basemodel:2024-06-24 02:03:00 - step 12 of 96 - 100 active elements (0 deactivated)
INFO:opendrift.models.basemodel:2024-06-24 02:18:00 - step 13 of 96 - 100 active elements (0 deactivated)
INFO:opendrift.models.basemodel:2024-06-24 02:33:00 - step 14 of 96 - 100 active elements (0 deactivated)
INFO:opendrift.models.basemodel:2024-06-24 02:48:00 - step 15 of 96 - 100 active elements (0 deactivated)
INFO:opendrift.models.basemodel:2024-06-24 03:03:00 - step 16 of 96 - 100 active elements (0 deactivated)
INFO:opendrift.models.basemodel:2024-06-24 03:18:00 - step 17 of 96 - 100 active elements (0 deactivated)
INFO:opendrift.models.basemodel:2024-06-24 03:33:00 - step 18 of 96 - 100 active elements (0 deactivated)
INFO:opendrift.models.basemodel:2024-06-24 03:48:00 - step 19 of 96 - 100 active elements (0 deactivated)
INFO:opendrift.models.basemodel:2024-06-24 04:03:00 - step 20 of 96 - 100 active elements (0 deactivated)
INFO:opendrift.models.basemodel:2024-06-24 04:18:00 - step 21 of 96 - 100 active elements (0 deactivated)
INFO:opendrift.models.basemodel:2024-06-24 04:33:00 - step 22 of 96 - 100 active elements (0 deactivated)
INFO:opendrift.models.basemodel:2024-06-24 04:48:00 - step 23 of 96 - 100 active elements (0 deactivated)
INFO:opendrift.models.basemodel:2024-06-24 05:03:00 - step 24 of 96 - 100 active elements (0 deactivated)
INFO:opendrift.models.basemodel:2024-06-24 05:18:00 - step 25 of 96 - 100 active elements (0 deactivated)
INFO:opendrift.models.basemodel:2024-06-24 05:33:00 - step 26 of 96 - 100 active elements (0 deactivated)
INFO:opendrift.models.basemodel:2024-06-24 05:48:00 - step 27 of 96 - 100 active elements (0 deactivated)
INFO:opendrift.models.basemodel:2024-06-24 06:03:00 - step 28 of 96 - 100 active elements (0 deactivated)
INFO:opendrift.models.basemodel:2024-06-24 06:18:00 - step 29 of 96 - 100 active elements (0 deactivated)
INFO:opendrift.models.basemodel:2024-06-24 06:33:00 - step 30 of 96 - 100 active elements (0 deactivated)
INFO:opendrift.models.basemodel:2024-06-24 06:48:00 - step 31 of 96 - 100 active elements (0 deactivated)
INFO:opendrift.models.basemodel:2024-06-24 07:03:00 - step 32 of 96 - 100 active elements (0 deactivated)
INFO:opendrift.models.basemodel:2024-06-24 07:18:00 - step 33 of 96 - 100 active elements (0 deactivated)
INFO:opendrift.models.basemodel:2024-06-24 07:33:00 - step 34 of 96 - 100 active elements (0 deactivated)
INFO:opendrift.models.basemodel:2024-06-24 07:48:00 - step 35 of 96 - 100 active elements (0 deactivated)
INFO:opendrift.models.basemodel:2024-06-24 08:03:00 - step 36 of 96 - 100 active elements (0 deactivated)
INFO:opendrift.models.basemodel:2024-06-24 08:18:00 - step 37 of 96 - 100 active elements (0 deactivated)
INFO:opendrift.models.basemodel:2024-06-24 08:33:00 - step 38 of 96 - 100 active elements (0 deactivated)
INFO:opendrift.models.basemodel:2024-06-24 08:48:00 - step 39 of 96 - 100 active elements (0 deactivated)
INFO:opendrift.models.basemodel:2024-06-24 09:03:00 - step 40 of 96 - 100 active elements (0 deactivated)
INFO:opendrift.models.basemodel:2024-06-24 09:18:00 - step 41 of 96 - 100 active elements (0 deactivated)
INFO:opendrift.models.basemodel:2024-06-24 09:33:00 - step 42 of 96 - 100 active elements (0 deactivated)
INFO:opendrift.models.basemodel:2024-06-24 09:48:00 - step 43 of 96 - 100 active elements (0 deactivated)
INFO:opendrift.models.basemodel:2024-06-24 10:03:00 - step 44 of 96 - 100 active elements (0 deactivated)
INFO:opendrift.models.basemodel:2024-06-24 10:18:00 - step 45 of 96 - 100 active elements (0 deactivated)
INFO:opendrift.models.basemodel:2024-06-24 10:33:00 - step 46 of 96 - 100 active elements (0 deactivated)
INFO:opendrift.models.basemodel:2024-06-24 10:48:00 - step 47 of 96 - 100 active elements (0 deactivated)
INFO:opendrift.models.basemodel:2024-06-24 11:03:00 - step 48 of 96 - 100 active elements (0 deactivated)
INFO:opendrift.models.basemodel:2024-06-24 11:18:00 - step 49 of 96 - 100 active elements (0 deactivated)
INFO:opendrift.models.basemodel:2024-06-24 11:33:00 - step 50 of 96 - 100 active elements (0 deactivated)
INFO:opendrift.models.basemodel:2024-06-24 11:48:00 - step 51 of 96 - 100 active elements (0 deactivated)
INFO:opendrift.models.basemodel:2024-06-24 12:03:00 - step 52 of 96 - 100 active elements (0 deactivated)
INFO:opendrift.models.basemodel:2024-06-24 12:18:00 - step 53 of 96 - 100 active elements (0 deactivated)
INFO:opendrift.models.basemodel:2024-06-24 12:33:00 - step 54 of 96 - 100 active elements (0 deactivated)
INFO:opendrift.models.basemodel:2024-06-24 12:48:00 - step 55 of 96 - 100 active elements (0 deactivated)
INFO:opendrift.models.basemodel:2024-06-24 13:03:00 - step 56 of 96 - 100 active elements (0 deactivated)
INFO:opendrift.models.basemodel:2024-06-24 13:18:00 - step 57 of 96 - 100 active elements (0 deactivated)
INFO:opendrift.models.basemodel:2024-06-24 13:33:00 - step 58 of 96 - 100 active elements (0 deactivated)
INFO:opendrift.models.basemodel:2024-06-24 13:48:00 - step 59 of 96 - 100 active elements (0 deactivated)
INFO:opendrift.models.basemodel:2024-06-24 14:03:00 - step 60 of 96 - 100 active elements (0 deactivated)
INFO:opendrift.models.basemodel:2024-06-24 14:18:00 - step 61 of 96 - 100 active elements (0 deactivated)
INFO:opendrift.models.basemodel:2024-06-24 14:33:00 - step 62 of 96 - 100 active elements (0 deactivated)
INFO:opendrift.models.basemodel:2024-06-24 14:48:00 - step 63 of 96 - 100 active elements (0 deactivated)
INFO:opendrift.models.basemodel:2024-06-24 15:03:00 - step 64 of 96 - 100 active elements (0 deactivated)
INFO:opendrift.models.basemodel:2024-06-24 15:18:00 - step 65 of 96 - 100 active elements (0 deactivated)
INFO:opendrift.models.basemodel:2024-06-24 15:33:00 - step 66 of 96 - 100 active elements (0 deactivated)
INFO:opendrift.models.basemodel:2024-06-24 15:48:00 - step 67 of 96 - 100 active elements (0 deactivated)
INFO:opendrift.models.basemodel:2024-06-24 16:03:00 - step 68 of 96 - 100 active elements (0 deactivated)
INFO:opendrift.models.basemodel:2024-06-24 16:18:00 - step 69 of 96 - 100 active elements (0 deactivated)
INFO:opendrift.models.basemodel:2024-06-24 16:33:00 - step 70 of 96 - 100 active elements (0 deactivated)
INFO:opendrift.models.basemodel:2024-06-24 16:48:00 - step 71 of 96 - 100 active elements (0 deactivated)
INFO:opendrift.models.basemodel:2024-06-24 17:03:00 - step 72 of 96 - 100 active elements (0 deactivated)
INFO:opendrift.models.basemodel:2024-06-24 17:18:00 - step 73 of 96 - 100 active elements (0 deactivated)
INFO:opendrift.models.basemodel:2024-06-24 17:33:00 - step 74 of 96 - 100 active elements (0 deactivated)
INFO:opendrift.models.basemodel:2024-06-24 17:48:00 - step 75 of 96 - 100 active elements (0 deactivated)
INFO:opendrift.models.basemodel:2024-06-24 18:03:00 - step 76 of 96 - 100 active elements (0 deactivated)
INFO:opendrift.models.basemodel:2024-06-24 18:18:00 - step 77 of 96 - 100 active elements (0 deactivated)
INFO:opendrift.models.basemodel:2024-06-24 18:33:00 - step 78 of 96 - 100 active elements (0 deactivated)
INFO:opendrift.models.basemodel:2024-06-24 18:48:00 - step 79 of 96 - 100 active elements (0 deactivated)
INFO:opendrift.models.basemodel:2024-06-24 19:03:00 - step 80 of 96 - 100 active elements (0 deactivated)
INFO:opendrift.models.basemodel:2024-06-24 19:18:00 - step 81 of 96 - 100 active elements (0 deactivated)
INFO:opendrift.models.basemodel:2024-06-24 19:33:00 - step 82 of 96 - 100 active elements (0 deactivated)
INFO:opendrift.models.basemodel:2024-06-24 19:48:00 - step 83 of 96 - 100 active elements (0 deactivated)
INFO:opendrift.models.basemodel:2024-06-24 20:03:00 - step 84 of 96 - 100 active elements (0 deactivated)
INFO:opendrift.models.basemodel:2024-06-24 20:18:00 - step 85 of 96 - 100 active elements (0 deactivated)
INFO:opendrift.models.basemodel:2024-06-24 20:33:00 - step 86 of 96 - 100 active elements (0 deactivated)
INFO:opendrift.models.basemodel:2024-06-24 20:48:00 - step 87 of 96 - 100 active elements (0 deactivated)
INFO:opendrift.models.basemodel:2024-06-24 21:03:00 - step 88 of 96 - 100 active elements (0 deactivated)
INFO:opendrift.models.basemodel:2024-06-24 21:18:00 - step 89 of 96 - 100 active elements (0 deactivated)
INFO:opendrift.models.basemodel:2024-06-24 21:33:00 - step 90 of 96 - 100 active elements (0 deactivated)
INFO:opendrift.models.basemodel:2024-06-24 21:48:00 - step 91 of 96 - 100 active elements (0 deactivated)
INFO:opendrift.models.basemodel:2024-06-24 22:03:00 - step 92 of 96 - 100 active elements (0 deactivated)
INFO:opendrift.models.basemodel:2024-06-24 22:18:00 - step 93 of 96 - 100 active elements (0 deactivated)
INFO:opendrift.models.basemodel:2024-06-24 22:33:00 - step 94 of 96 - 100 active elements (0 deactivated)
INFO:opendrift.models.basemodel:2024-06-24 22:48:00 - step 95 of 96 - 100 active elements (0 deactivated)
INFO:opendrift.models.basemodel:2024-06-24 23:03:00 - step 96 of 96 - 100 active elements (0 deactivated)
INFO:opendrift.models.basemodel:Using existing reader for land_binary_mask
INFO:opendrift.models.basemodel:Moving 1 out of 750 points from land to water
INFO:opendrift.models.basemodel:2024-06-23 23:18:00 - step 1 of 96 - 50 active elements (0 deactivated)
INFO:opendrift.models.basemodel:2024-06-23 23:33:00 - step 2 of 96 - 50 active elements (0 deactivated)
INFO:opendrift.models.basemodel:2024-06-23 23:48:00 - step 3 of 96 - 50 active elements (0 deactivated)
INFO:opendrift.models.basemodel:2024-06-24 00:03:00 - step 4 of 96 - 50 active elements (0 deactivated)
INFO:opendrift.models.basemodel:2024-06-24 00:18:00 - step 5 of 96 - 100 active elements (0 deactivated)
INFO:opendrift.models.basemodel:2024-06-24 00:33:00 - step 6 of 96 - 100 active elements (0 deactivated)
INFO:opendrift.models.basemodel:2024-06-24 00:48:00 - step 7 of 96 - 100 active elements (0 deactivated)
INFO:opendrift.models.basemodel:2024-06-24 01:03:00 - step 8 of 96 - 100 active elements (0 deactivated)
INFO:opendrift.models.basemodel:2024-06-24 01:18:00 - step 9 of 96 - 150 active elements (0 deactivated)
INFO:opendrift.models.basemodel:2024-06-24 01:33:00 - step 10 of 96 - 150 active elements (0 deactivated)
INFO:opendrift.models.basemodel:2024-06-24 01:48:00 - step 11 of 96 - 150 active elements (0 deactivated)
INFO:opendrift.models.basemodel:2024-06-24 02:03:00 - step 12 of 96 - 150 active elements (0 deactivated)
INFO:opendrift.models.basemodel:2024-06-24 02:18:00 - step 13 of 96 - 200 active elements (0 deactivated)
INFO:opendrift.models.basemodel:2024-06-24 02:33:00 - step 14 of 96 - 200 active elements (0 deactivated)
INFO:opendrift.models.basemodel:2024-06-24 02:48:00 - step 15 of 96 - 200 active elements (0 deactivated)
INFO:opendrift.models.basemodel:2024-06-24 03:03:00 - step 16 of 96 - 200 active elements (0 deactivated)
INFO:opendrift.models.basemodel:2024-06-24 03:18:00 - step 17 of 96 - 250 active elements (0 deactivated)
INFO:opendrift.models.basemodel:2024-06-24 03:33:00 - step 18 of 96 - 250 active elements (0 deactivated)
INFO:opendrift.models.basemodel:2024-06-24 03:48:00 - step 19 of 96 - 250 active elements (0 deactivated)
INFO:opendrift.models.basemodel:2024-06-24 04:03:00 - step 20 of 96 - 250 active elements (0 deactivated)
INFO:opendrift.models.basemodel:2024-06-24 04:18:00 - step 21 of 96 - 300 active elements (0 deactivated)
INFO:opendrift.models.basemodel:2024-06-24 04:33:00 - step 22 of 96 - 300 active elements (0 deactivated)
INFO:opendrift.models.basemodel:2024-06-24 04:48:00 - step 23 of 96 - 300 active elements (0 deactivated)
INFO:opendrift.models.basemodel:2024-06-24 05:03:00 - step 24 of 96 - 300 active elements (0 deactivated)
INFO:opendrift.models.basemodel:2024-06-24 05:18:00 - step 25 of 96 - 350 active elements (0 deactivated)
INFO:opendrift.models.basemodel:2024-06-24 05:33:00 - step 26 of 96 - 350 active elements (0 deactivated)
INFO:opendrift.models.basemodel:2024-06-24 05:48:00 - step 27 of 96 - 350 active elements (0 deactivated)
INFO:opendrift.models.basemodel:2024-06-24 06:03:00 - step 28 of 96 - 350 active elements (0 deactivated)
INFO:opendrift.models.basemodel:2024-06-24 06:18:00 - step 29 of 96 - 400 active elements (0 deactivated)
INFO:opendrift.models.basemodel:2024-06-24 06:33:00 - step 30 of 96 - 400 active elements (0 deactivated)
INFO:opendrift.models.basemodel:2024-06-24 06:48:00 - step 31 of 96 - 400 active elements (0 deactivated)
INFO:opendrift.models.basemodel:2024-06-24 07:03:00 - step 32 of 96 - 400 active elements (0 deactivated)
INFO:opendrift.models.basemodel:2024-06-24 07:18:00 - step 33 of 96 - 450 active elements (0 deactivated)
INFO:opendrift.models.basemodel:2024-06-24 07:33:00 - step 34 of 96 - 450 active elements (0 deactivated)
INFO:opendrift.models.basemodel:2024-06-24 07:48:00 - step 35 of 96 - 450 active elements (0 deactivated)
INFO:opendrift.models.basemodel:2024-06-24 08:03:00 - step 36 of 96 - 450 active elements (0 deactivated)
INFO:opendrift.models.basemodel:2024-06-24 08:18:00 - step 37 of 96 - 500 active elements (0 deactivated)
INFO:opendrift.models.basemodel:2024-06-24 08:33:00 - step 38 of 96 - 500 active elements (0 deactivated)
INFO:opendrift.models.basemodel:2024-06-24 08:48:00 - step 39 of 96 - 500 active elements (0 deactivated)
INFO:opendrift.models.basemodel:2024-06-24 09:03:00 - step 40 of 96 - 500 active elements (0 deactivated)
INFO:opendrift.models.basemodel:2024-06-24 09:18:00 - step 41 of 96 - 550 active elements (0 deactivated)
INFO:opendrift.models.basemodel:2024-06-24 09:33:00 - step 42 of 96 - 550 active elements (0 deactivated)
INFO:opendrift.models.basemodel:2024-06-24 09:48:00 - step 43 of 96 - 550 active elements (0 deactivated)
INFO:opendrift.models.basemodel:2024-06-24 10:03:00 - step 44 of 96 - 550 active elements (0 deactivated)
INFO:opendrift.models.basemodel:2024-06-24 10:18:00 - step 45 of 96 - 600 active elements (0 deactivated)
INFO:opendrift.models.basemodel:2024-06-24 10:33:00 - step 46 of 96 - 600 active elements (0 deactivated)
INFO:opendrift.models.basemodel:2024-06-24 10:48:00 - step 47 of 96 - 600 active elements (0 deactivated)
INFO:opendrift.models.basemodel:2024-06-24 11:03:00 - step 48 of 96 - 600 active elements (0 deactivated)
INFO:opendrift.models.basemodel:2024-06-24 11:18:00 - step 49 of 96 - 650 active elements (0 deactivated)
INFO:opendrift.models.basemodel:2024-06-24 11:33:00 - step 50 of 96 - 650 active elements (0 deactivated)
INFO:opendrift.models.basemodel:2024-06-24 11:48:00 - step 51 of 96 - 650 active elements (0 deactivated)
INFO:opendrift.models.basemodel:2024-06-24 12:03:00 - step 52 of 96 - 650 active elements (0 deactivated)
INFO:opendrift.models.basemodel:2024-06-24 12:18:00 - step 53 of 96 - 700 active elements (0 deactivated)
INFO:opendrift.models.basemodel:2024-06-24 12:33:00 - step 54 of 96 - 700 active elements (0 deactivated)
INFO:opendrift.models.basemodel:2024-06-24 12:48:00 - step 55 of 96 - 700 active elements (0 deactivated)
INFO:opendrift.models.basemodel:2024-06-24 13:03:00 - step 56 of 96 - 700 active elements (0 deactivated)
INFO:opendrift.models.basemodel:2024-06-24 13:18:00 - step 57 of 96 - 750 active elements (0 deactivated)
INFO:opendrift.models.basemodel:2024-06-24 13:33:00 - step 58 of 96 - 750 active elements (0 deactivated)
INFO:opendrift.models.basemodel:2024-06-24 13:48:00 - step 59 of 96 - 750 active elements (0 deactivated)
INFO:opendrift.models.basemodel:2024-06-24 14:03:00 - step 60 of 96 - 750 active elements (0 deactivated)
INFO:opendrift.models.basemodel:2024-06-24 14:18:00 - step 61 of 96 - 750 active elements (0 deactivated)
INFO:opendrift.models.basemodel:2024-06-24 14:33:00 - step 62 of 96 - 750 active elements (0 deactivated)
INFO:opendrift.models.basemodel:2024-06-24 14:48:00 - step 63 of 96 - 750 active elements (0 deactivated)
INFO:opendrift.models.basemodel:2024-06-24 15:03:00 - step 64 of 96 - 750 active elements (0 deactivated)
INFO:opendrift.models.basemodel:2024-06-24 15:18:00 - step 65 of 96 - 750 active elements (0 deactivated)
INFO:opendrift.models.basemodel:2024-06-24 15:33:00 - step 66 of 96 - 750 active elements (0 deactivated)
INFO:opendrift.models.basemodel:2024-06-24 15:48:00 - step 67 of 96 - 750 active elements (0 deactivated)
INFO:opendrift.models.basemodel:2024-06-24 16:03:00 - step 68 of 96 - 750 active elements (0 deactivated)
INFO:opendrift.models.basemodel:2024-06-24 16:18:00 - step 69 of 96 - 750 active elements (0 deactivated)
INFO:opendrift.models.basemodel:2024-06-24 16:33:00 - step 70 of 96 - 750 active elements (0 deactivated)
INFO:opendrift.models.basemodel:2024-06-24 16:48:00 - step 71 of 96 - 750 active elements (0 deactivated)
INFO:opendrift.models.basemodel:2024-06-24 17:03:00 - step 72 of 96 - 750 active elements (0 deactivated)
INFO:opendrift.models.basemodel:2024-06-24 17:18:00 - step 73 of 96 - 750 active elements (0 deactivated)
INFO:opendrift.models.basemodel:2024-06-24 17:33:00 - step 74 of 96 - 750 active elements (0 deactivated)
INFO:opendrift.models.basemodel:2024-06-24 17:48:00 - step 75 of 96 - 750 active elements (0 deactivated)
INFO:opendrift.models.basemodel:2024-06-24 18:03:00 - step 76 of 96 - 750 active elements (0 deactivated)
INFO:opendrift.models.basemodel:2024-06-24 18:18:00 - step 77 of 96 - 750 active elements (0 deactivated)
INFO:opendrift.models.basemodel:2024-06-24 18:33:00 - step 78 of 96 - 750 active elements (0 deactivated)
INFO:opendrift.models.basemodel:2024-06-24 18:48:00 - step 79 of 96 - 750 active elements (0 deactivated)
INFO:opendrift.models.basemodel:2024-06-24 19:03:00 - step 80 of 96 - 750 active elements (0 deactivated)
INFO:opendrift.models.basemodel:2024-06-24 19:18:00 - step 81 of 96 - 750 active elements (0 deactivated)
INFO:opendrift.models.basemodel:2024-06-24 19:33:00 - step 82 of 96 - 750 active elements (0 deactivated)
INFO:opendrift.models.basemodel:2024-06-24 19:48:00 - step 83 of 96 - 750 active elements (0 deactivated)
INFO:opendrift.models.basemodel:2024-06-24 20:03:00 - step 84 of 96 - 750 active elements (0 deactivated)
INFO:opendrift.models.basemodel:2024-06-24 20:18:00 - step 85 of 96 - 750 active elements (0 deactivated)
INFO:opendrift.models.basemodel:2024-06-24 20:33:00 - step 86 of 96 - 750 active elements (0 deactivated)
INFO:opendrift.models.basemodel:2024-06-24 20:48:00 - step 87 of 96 - 750 active elements (0 deactivated)
INFO:opendrift.models.basemodel:2024-06-24 21:03:00 - step 88 of 96 - 750 active elements (0 deactivated)
INFO:opendrift.models.basemodel:2024-06-24 21:18:00 - step 89 of 96 - 750 active elements (0 deactivated)
INFO:opendrift.models.basemodel:2024-06-24 21:33:00 - step 90 of 96 - 750 active elements (0 deactivated)
INFO:opendrift.models.basemodel:2024-06-24 21:48:00 - step 91 of 96 - 750 active elements (0 deactivated)
INFO:opendrift.models.basemodel:2024-06-24 22:03:00 - step 92 of 96 - 750 active elements (0 deactivated)
INFO:opendrift.models.basemodel:2024-06-24 22:18:00 - step 93 of 96 - 750 active elements (0 deactivated)
INFO:opendrift.models.basemodel:2024-06-24 22:33:00 - step 94 of 96 - 750 active elements (0 deactivated)
INFO:opendrift.models.basemodel:2024-06-24 22:48:00 - step 95 of 96 - 750 active elements (0 deactivated)
INFO:opendrift.models.basemodel:2024-06-24 23:03:00 - step 96 of 96 - 750 active elements (0 deactivated)
INFO:opendrift.export.io_netcdf:Wrote 97 steps to file /home/pdaniel/SurfaceCurrentMaps/DailyModelRuns/model_output/concave_hrf_20240623T231800_continuous.nc
INFO:numexpr.utils:NumExpr defaulting to 2 threads.
INFO:numexpr.utils:NumExpr defaulting to 2 threads.
INFO:numexpr.utils:NumExpr defaulting to 2 threads.
INFO:numexpr.utils:NumExpr defaulting to 2 threads.
INFO:numexpr.utils:NumExpr defaulting to 2 threads.
INFO:numexpr.utils:NumExpr defaulting to 2 threads.
INFO:numexpr.utils:NumExpr defaulting to 2 threads.
INFO:numexpr.utils:NumExpr defaulting to 2 threads.
INFO:numexpr.utils:NumExpr defaulting to 2 threads.
INFO:numexpr.utils:NumExpr defaulting to 2 threads.
INFO:numexpr.utils:NumExpr defaulting to 2 threads.
INFO:numexpr.utils:NumExpr defaulting to 2 threads.
INFO:numexpr.utils:NumExpr defaulting to 2 threads.
INFO:numexpr.utils:NumExpr defaulting to 2 threads.
INFO:numexpr.utils:NumExpr defaulting to 2 threads.
INFO:numexpr.utils:NumExpr defaulting to 2 threads.
INFO:numexpr.utils:NumExpr defaulting to 2 threads.
INFO:numexpr.utils:NumExpr defaulting to 2 threads.
INFO:numexpr.utils:NumExpr defaulting to 2 threads.
INFO:numexpr.utils:NumExpr defaulting to 2 threads.
INFO:numexpr.utils:NumExpr defaulting to 2 threads.
INFO:numexpr.utils:NumExpr defaulting to 2 threads.
INFO:numexpr.utils:NumExpr defaulting to 2 threads.
INFO:numexpr.utils:NumExpr defaulting to 2 threads.
INFO:numexpr.utils:NumExpr defaulting to 2 threads.
INFO:numexpr.utils:NumExpr defaulting to 2 threads.
INFO:numexpr.utils:NumExpr defaulting to 2 threads.
INFO:numexpr.utils:NumExpr defaulting to 2 threads.
INFO:root:RUNNING: model on: 2025-04-20 03:33:00
INFO:root:locking landmask for generation..
INFO:root:decompressing memmap landmask to /tmp/landmask/mask.dat..
INFO:root:landmask generated
INFO:root:RUNNING: model on: 2025-04-20 12:57:00
INFO:numexpr.utils:NumExpr defaulting to 2 threads.
INFO:root:RUNNING: model on: 2025-04-21 04:27:00
INFO:root:RUNNING: model on: 2025-04-21 14:12:00
INFO:numexpr.utils:NumExpr defaulting to 2 threads.
INFO:root:RUNNING: model on: 2025-04-22 05:05:00
INFO:root:RUNNING: model on: 2025-04-22 15:31:00
INFO:numexpr.utils:NumExpr defaulting to 2 threads.
INFO:root:RUNNING: model on: 2025-04-24 06:06:00
INFO:root:RUNNING: model on: 2025-04-24 17:53:00
INFO:numexpr.utils:NumExpr defaulting to 2 threads.
INFO:root:RUNNING: model on: 2025-04-25 06:37:00
INFO:root:RUNNING: model on: 2025-04-25 18:57:00
INFO:numexpr.utils:NumExpr defaulting to 2 threads.
INFO:root:RUNNING: model on: 2025-04-26 07:08:00
INFO:root:RUNNING: model on: 2025-04-26 19:59:00
INFO:numexpr.utils:NumExpr defaulting to 2 threads.
INFO:root:RUNNING: model on: 2025-04-27 07:42:00
INFO:root:RUNNING: model on: 2025-04-27 21:00:00
INFO:numexpr.utils:NumExpr defaulting to 2 threads.
INFO:root:RUNNING: model on: 2025-04-28 08:18:00
INFO:numexpr.utils:NumExpr defaulting to 2 threads.
INFO:root:RUNNING: model on: 2025-04-28 22:01:00
INFO:root:RUNNING: model on: 2025-04-29 08:58:00
INFO:numexpr.utils:NumExpr defaulting to 2 threads.
INFO:root:RUNNING: model on: 2025-04-29 23:02:00
INFO:root:RUNNING: model on: 2025-04-30 09:41:00
INFO:numexpr.utils:NumExpr defaulting to 2 threads.
INFO:root:RUNNING: model on: 2025-05-01 00:06:00
ERROR:root:could not verify read permissions for group and others on landmask.
Traceback (most recent call last):
  File "/home/pdaniel/anaconda3/lib/python3.8/site-packages/opendrift_landmask_data-0.6-py3.8.egg/opendrift_landmask_data/mask.py", line 77, in __check_permissions__
    if not os.stat(self.lockf).st_mode & 0o777 == 0o777:
FileNotFoundError: [Errno 2] No such file or directory: '/tmp/landmask/.mask.dat.lock'
ERROR:root:could not verify read permissions for group and others on landmask.
Traceback (most recent call last):
  File "/home/pdaniel/anaconda3/lib/python3.8/site-packages/opendrift_landmask_data-0.6-py3.8.egg/opendrift_landmask_data/mask.py", line 77, in __check_permissions__
    if not os.stat(self.lockf).st_mode & 0o777 == 0o777:
FileNotFoundError: [Errno 2] No such file or directory: '/tmp/landmask/.mask.dat.lock'
INFO:root:RUNNING: model on: 2025-05-01 10:30:00
ERROR:root:could not verify read permissions for group and others on landmask.
Traceback (most recent call last):
  File "/home/pdaniel/anaconda3/lib/python3.8/site-packages/opendrift_landmask_data-0.6-py3.8.egg/opendrift_landmask_data/mask.py", line 77, in __check_permissions__
    if not os.stat(self.lockf).st_mode & 0o777 == 0o777:
FileNotFoundError: [Errno 2] No such file or directory: '/tmp/landmask/.mask.dat.lock'
ERROR:root:could not verify read permissions for group and others on landmask.
Traceback (most recent call last):
  File "/home/pdaniel/anaconda3/lib/python3.8/site-packages/opendrift_landmask_data-0.6-py3.8.egg/opendrift_landmask_data/mask.py", line 77, in __check_permissions__
    if not os.stat(self.lockf).st_mode & 0o777 == 0o777:
FileNotFoundError: [Errno 2] No such file or directory: '/tmp/landmask/.mask.dat.lock'
INFO:numexpr.utils:NumExpr defaulting to 2 threads.
INFO:root:RUNNING: model on: 2025-05-02 01:12:00
ERROR:root:could not verify read permissions for group and others on landmask.
Traceback (most recent call last):
  File "/home/pdaniel/anaconda3/lib/python3.8/site-packages/opendrift_landmask_data-0.6-py3.8.egg/opendrift_landmask_data/mask.py", line 77, in __check_permissions__
    if not os.stat(self.lockf).st_mode & 0o777 == 0o777:
FileNotFoundError: [Errno 2] No such file or directory: '/tmp/landmask/.mask.dat.lock'
ERROR:root:could not verify read permissions for group and others on landmask.
Traceback (most recent call last):
  File "/home/pdaniel/anaconda3/lib/python3.8/site-packages/opendrift_landmask_data-0.6-py3.8.egg/opendrift_landmask_data/mask.py", line 77, in __check_permissions__
    if not os.stat(self.lockf).st_mode & 0o777 == 0o777:
FileNotFoundError: [Errno 2] No such file or directory: '/tmp/landmask/.mask.dat.lock'
INFO:root:RUNNING: model on: 2025-05-02 11:24:00
ERROR:root:could not verify read permissions for group and others on landmask.
Traceback (most recent call last):
  File "/home/pdaniel/anaconda3/lib/python3.8/site-packages/opendrift_landmask_data-0.6-py3.8.egg/opendrift_landmask_data/mask.py", line 77, in __check_permissions__
    if not os.stat(self.lockf).st_mode & 0o777 == 0o777:
FileNotFoundError: [Errno 2] No such file or directory: '/tmp/landmask/.mask.dat.lock'
ERROR:root:could not verify read permissions for group and others on landmask.
Traceback (most recent call last):
  File "/home/pdaniel/anaconda3/lib/python3.8/site-packages/opendrift_landmask_data-0.6-py3.8.egg/opendrift_landmask_data/mask.py", line 77, in __check_permissions__
    if not os.stat(self.lockf).st_mode & 0o777 == 0o777:
FileNotFoundError: [Errno 2] No such file or directory: '/tmp/landmask/.mask.dat.lock'
INFO:numexpr.utils:NumExpr defaulting to 2 threads.
INFO:root:RUNNING: model on: 2025-05-03 02:21:00
ERROR:root:could not verify read permissions for group and others on landmask.
Traceback (most recent call last):
  File "/home/pdaniel/anaconda3/lib/python3.8/site-packages/opendrift_landmask_data-0.6-py3.8.egg/opendrift_landmask_data/mask.py", line 77, in __check_permissions__
    if not os.stat(self.lockf).st_mode & 0o777 == 0o777:
FileNotFoundError: [Errno 2] No such file or directory: '/tmp/landmask/.mask.dat.lock'
ERROR:root:could not verify read permissions for group and others on landmask.
Traceback (most recent call last):
  File "/home/pdaniel/anaconda3/lib/python3.8/site-packages/opendrift_landmask_data-0.6-py3.8.egg/opendrift_landmask_data/mask.py", line 77, in __check_permissions__
    if not os.stat(self.lockf).st_mode & 0o777 == 0o777:
FileNotFoundError: [Errno 2] No such file or directory: '/tmp/landmask/.mask.dat.lock'
INFO:root:RUNNING: model on: 2025-05-03 12:26:00
ERROR:root:could not verify read permissions for group and others on landmask.
Traceback (most recent call last):
  File "/home/pdaniel/anaconda3/lib/python3.8/site-packages/opendrift_landmask_data-0.6-py3.8.egg/opendrift_landmask_data/mask.py", line 77, in __check_permissions__
    if not os.stat(self.lockf).st_mode & 0o777 == 0o777:
FileNotFoundError: [Errno 2] No such file or directory: '/tmp/landmask/.mask.dat.lock'
ERROR:root:could not verify read permissions for group and others on landmask.
Traceback (most recent call last):
  File "/home/pdaniel/anaconda3/lib/python3.8/site-packages/opendrift_landmask_data-0.6-py3.8.egg/opendrift_landmask_data/mask.py", line 77, in __check_permissions__
    if not os.stat(self.lockf).st_mode & 0o777 == 0o777:
FileNotFoundError: [Errno 2] No such file or directory: '/tmp/landmask/.mask.dat.lock'
INFO:numexpr.utils:NumExpr defaulting to 2 threads.
INFO:root:RUNNING: model on: 2025-05-04 03:25:00
ERROR:root:could not verify read permissions for group and others on landmask.
Traceback (most recent call last):
  File "/home/pdaniel/anaconda3/lib/python3.8/site-packages/opendrift_landmask_data-0.6-py3.8.egg/opendrift_landmask_data/mask.py", line 77, in __check_permissions__
    if not os.stat(self.lockf).st_mode & 0o777 == 0o777:
FileNotFoundError: [Errno 2] No such file or directory: '/tmp/landmask/.mask.dat.lock'
ERROR:root:could not verify read permissions for group and others on landmask.
Traceback (most recent call last):
  File "/home/pdaniel/anaconda3/lib/python3.8/site-packages/opendrift_landmask_data-0.6-py3.8.egg/opendrift_landmask_data/mask.py", line 77, in __check_permissions__
    if not os.stat(self.lockf).st_mode & 0o777 == 0o777:
FileNotFoundError: [Errno 2] No such file or directory: '/tmp/landmask/.mask.dat.lock'
INFO:root:RUNNING: model on: 2025-05-04 13:38:00
ERROR:root:could not verify read permissions for group and others on landmask.
Traceback (most recent call last):
  File "/home/pdaniel/anaconda3/lib/python3.8/site-packages/opendrift_landmask_data-0.6-py3.8.egg/opendrift_landmask_data/mask.py", line 77, in __check_permissions__
    if not os.stat(self.lockf).st_mode & 0o777 == 0o777:
FileNotFoundError: [Errno 2] No such file or directory: '/tmp/landmask/.mask.dat.lock'
ERROR:root:could not verify read permissions for group and others on landmask.
Traceback (most recent call last):
  File "/home/pdaniel/anaconda3/lib/python3.8/site-packages/opendrift_landmask_data-0.6-py3.8.egg/opendrift_landmask_data/mask.py", line 77, in __check_permissions__
    if not os.stat(self.lockf).st_mode & 0o777 == 0o777:
FileNotFoundError: [Errno 2] No such file or directory: '/tmp/landmask/.mask.dat.lock'
INFO:numexpr.utils:NumExpr defaulting to 2 threads.
INFO:root:RUNNING: model on: 2025-05-05 04:20:00
ERROR:root:could not verify read permissions for group and others on landmask.
Traceback (most recent call last):
  File "/home/pdaniel/anaconda3/lib/python3.8/site-packages/opendrift_landmask_data-0.6-py3.8.egg/opendrift_landmask_data/mask.py", line 77, in __check_permissions__
    if not os.stat(self.lockf).st_mode & 0o777 == 0o777:
FileNotFoundError: [Errno 2] No such file or directory: '/tmp/landmask/.mask.dat.lock'
ERROR:root:could not verify read permissions for group and others on landmask.
Traceback (most recent call last):
  File "/home/pdaniel/anaconda3/lib/python3.8/site-packages/opendrift_landmask_data-0.6-py3.8.egg/opendrift_landmask_data/mask.py", line 77, in __check_permissions__
    if not os.stat(self.lockf).st_mode & 0o777 == 0o777:
FileNotFoundError: [Errno 2] No such file or directory: '/tmp/landmask/.mask.dat.lock'
INFO:root:RUNNING: model on: 2025-05-05 14:57:00
ERROR:root:could not verify read permissions for group and others on landmask.
Traceback (most recent call last):
  File "/home/pdaniel/anaconda3/lib/python3.8/site-packages/opendrift_landmask_data-0.6-py3.8.egg/opendrift_landmask_data/mask.py", line 77, in __check_permissions__
    if not os.stat(self.lockf).st_mode & 0o777 == 0o777:
FileNotFoundError: [Errno 2] No such file or directory: '/tmp/landmask/.mask.dat.lock'
ERROR:root:could not verify read permissions for group and others on landmask.
Traceback (most recent call last):
  File "/home/pdaniel/anaconda3/lib/python3.8/site-packages/opendrift_landmask_data-0.6-py3.8.egg/opendrift_landmask_data/mask.py", line 77, in __check_permissions__
    if not os.stat(self.lockf).st_mode & 0o777 == 0o777:
FileNotFoundError: [Errno 2] No such file or directory: '/tmp/landmask/.mask.dat.lock'
INFO:numexpr.utils:NumExpr defaulting to 2 threads.
INFO:root:SKIPPING: model already ran for: 2025-05-05 04:20:00
INFO:root:SKIPPING: model already ran for: 2025-05-05 14:57:00
INFO:numexpr.utils:NumExpr defaulting to 2 threads.
INFO:root:SKIPPING: model already ran for: 2025-05-05 04:20:00
INFO:root:SKIPPING: model already ran for: 2025-05-05 14:57:00
INFO:numexpr.utils:NumExpr defaulting to 2 threads.
INFO:root:SKIPPING: model already ran for: 2025-05-05 04:20:00
INFO:root:SKIPPING: model already ran for: 2025-05-05 14:57:00
INFO:numexpr.utils:NumExpr defaulting to 2 threads.
INFO:root:RUNNING: model on: 2025-05-06 05:04:00
ERROR:root:could not verify read permissions for group and others on landmask.
Traceback (most recent call last):
  File "/home/pdaniel/anaconda3/lib/python3.8/site-packages/opendrift_landmask_data-0.6-py3.8.egg/opendrift_landmask_data/mask.py", line 77, in __check_permissions__
    if not os.stat(self.lockf).st_mode & 0o777 == 0o777:
FileNotFoundError: [Errno 2] No such file or directory: '/tmp/landmask/.mask.dat.lock'
ERROR:root:could not verify read permissions for group and others on landmask.
Traceback (most recent call last):
  File "/home/pdaniel/anaconda3/lib/python3.8/site-packages/opendrift_landmask_data-0.6-py3.8.egg/opendrift_landmask_data/mask.py", line 77, in __check_permissions__
    if not os.stat(self.lockf).st_mode & 0o777 == 0o777:
FileNotFoundError: [Errno 2] No such file or directory: '/tmp/landmask/.mask.dat.lock'
INFO:root:RUNNING: model on: 2025-05-06 16:15:00
ERROR:root:could not verify read permissions for group and others on landmask.
Traceback (most recent call last):
  File "/home/pdaniel/anaconda3/lib/python3.8/site-packages/opendrift_landmask_data-0.6-py3.8.egg/opendrift_landmask_data/mask.py", line 77, in __check_permissions__
    if not os.stat(self.lockf).st_mode & 0o777 == 0o777:
FileNotFoundError: [Errno 2] No such file or directory: '/tmp/landmask/.mask.dat.lock'
ERROR:root:could not verify read permissions for group and others on landmask.
Traceback (most recent call last):
  File "/home/pdaniel/anaconda3/lib/python3.8/site-packages/opendrift_landmask_data-0.6-py3.8.egg/opendrift_landmask_data/mask.py", line 77, in __check_permissions__
    if not os.stat(self.lockf).st_mode & 0o777 == 0o777:
FileNotFoundError: [Errno 2] No such file or directory: '/tmp/landmask/.mask.dat.lock'
INFO:numexpr.utils:NumExpr defaulting to 2 threads.
INFO:root:RUNNING: model on: 2025-05-07 05:41:00
ERROR:root:could not verify read permissions for group and others on landmask.
Traceback (most recent call last):
  File "/home/pdaniel/anaconda3/lib/python3.8/site-packages/opendrift_landmask_data-0.6-py3.8.egg/opendrift_landmask_data/mask.py", line 77, in __check_permissions__
    if not os.stat(self.lockf).st_mode & 0o777 == 0o777:
FileNotFoundError: [Errno 2] No such file or directory: '/tmp/landmask/.mask.dat.lock'
ERROR:root:could not verify read permissions for group and others on landmask.
Traceback (most recent call last):
  File "/home/pdaniel/anaconda3/lib/python3.8/site-packages/opendrift_landmask_data-0.6-py3.8.egg/opendrift_landmask_data/mask.py", line 77, in __check_permissions__
    if not os.stat(self.lockf).st_mode & 0o777 == 0o777:
FileNotFoundError: [Errno 2] No such file or directory: '/tmp/landmask/.mask.dat.lock'
INFO:root:RUNNING: model on: 2025-05-07 17:26:00
ERROR:root:could not verify read permissions for group and others on landmask.
Traceback (most recent call last):
  File "/home/pdaniel/anaconda3/lib/python3.8/site-packages/opendrift_landmask_data-0.6-py3.8.egg/opendrift_landmask_data/mask.py", line 77, in __check_permissions__
    if not os.stat(self.lockf).st_mode & 0o777 == 0o777:
FileNotFoundError: [Errno 2] No such file or directory: '/tmp/landmask/.mask.dat.lock'
ERROR:root:could not verify read permissions for group and others on landmask.
Traceback (most recent call last):
  File "/home/pdaniel/anaconda3/lib/python3.8/site-packages/opendrift_landmask_data-0.6-py3.8.egg/opendrift_landmask_data/mask.py", line 77, in __check_permissions__
    if not os.stat(self.lockf).st_mode & 0o777 == 0o777:
FileNotFoundError: [Errno 2] No such file or directory: '/tmp/landmask/.mask.dat.lock'
INFO:numexpr.utils:NumExpr defaulting to 2 threads.
INFO:root:RUNNING: model on: 2025-05-08 06:12:00
ERROR:root:could not verify read permissions for group and others on landmask.
Traceback (most recent call last):
  File "/home/pdaniel/anaconda3/lib/python3.8/site-packages/opendrift_landmask_data-0.6-py3.8.egg/opendrift_landmask_data/mask.py", line 77, in __check_permissions__
    if not os.stat(self.lockf).st_mode & 0o777 == 0o777:
FileNotFoundError: [Errno 2] No such file or directory: '/tmp/landmask/.mask.dat.lock'
ERROR:root:could not verify read permissions for group and others on landmask.
Traceback (most recent call last):
  File "/home/pdaniel/anaconda3/lib/python3.8/site-packages/opendrift_landmask_data-0.6-py3.8.egg/opendrift_landmask_data/mask.py", line 77, in __check_permissions__
    if not os.stat(self.lockf).st_mode & 0o777 == 0o777:
FileNotFoundError: [Errno 2] No such file or directory: '/tmp/landmask/.mask.dat.lock'
INFO:root:RUNNING: model on: 2025-05-08 18:29:00
ERROR:root:could not verify read permissions for group and others on landmask.
Traceback (most recent call last):
  File "/home/pdaniel/anaconda3/lib/python3.8/site-packages/opendrift_landmask_data-0.6-py3.8.egg/opendrift_landmask_data/mask.py", line 77, in __check_permissions__
    if not os.stat(self.lockf).st_mode & 0o777 == 0o777:
FileNotFoundError: [Errno 2] No such file or directory: '/tmp/landmask/.mask.dat.lock'
ERROR:root:could not verify read permissions for group and others on landmask.
Traceback (most recent call last):
  File "/home/pdaniel/anaconda3/lib/python3.8/site-packages/opendrift_landmask_data-0.6-py3.8.egg/opendrift_landmask_data/mask.py", line 77, in __check_permissions__
    if not os.stat(self.lockf).st_mode & 0o777 == 0o777:
FileNotFoundError: [Errno 2] No such file or directory: '/tmp/landmask/.mask.dat.lock'
INFO:numexpr.utils:NumExpr defaulting to 2 threads.
INFO:root:RUNNING: model on: 2025-05-09 06:38:00
ERROR:root:could not verify read permissions for group and others on landmask.
Traceback (most recent call last):
  File "/home/pdaniel/anaconda3/lib/python3.8/site-packages/opendrift_landmask_data-0.6-py3.8.egg/opendrift_landmask_data/mask.py", line 77, in __check_permissions__
    if not os.stat(self.lockf).st_mode & 0o777 == 0o777:
FileNotFoundError: [Errno 2] No such file or directory: '/tmp/landmask/.mask.dat.lock'
ERROR:root:could not verify read permissions for group and others on landmask.
Traceback (most recent call last):
  File "/home/pdaniel/anaconda3/lib/python3.8/site-packages/opendrift_landmask_data-0.6-py3.8.egg/opendrift_landmask_data/mask.py", line 77, in __check_permissions__
    if not os.stat(self.lockf).st_mode & 0o777 == 0o777:
FileNotFoundError: [Errno 2] No such file or directory: '/tmp/landmask/.mask.dat.lock'
INFO:root:RUNNING: model on: 2025-05-09 19:25:00
ERROR:root:could not verify read permissions for group and others on landmask.
Traceback (most recent call last):
  File "/home/pdaniel/anaconda3/lib/python3.8/site-packages/opendrift_landmask_data-0.6-py3.8.egg/opendrift_landmask_data/mask.py", line 77, in __check_permissions__
    if not os.stat(self.lockf).st_mode & 0o777 == 0o777:
FileNotFoundError: [Errno 2] No such file or directory: '/tmp/landmask/.mask.dat.lock'
ERROR:root:could not verify read permissions for group and others on landmask.
Traceback (most recent call last):
  File "/home/pdaniel/anaconda3/lib/python3.8/site-packages/opendrift_landmask_data-0.6-py3.8.egg/opendrift_landmask_data/mask.py", line 77, in __check_permissions__
    if not os.stat(self.lockf).st_mode & 0o777 == 0o777:
FileNotFoundError: [Errno 2] No such file or directory: '/tmp/landmask/.mask.dat.lock'
INFO:numexpr.utils:NumExpr defaulting to 2 threads.
INFO:root:RUNNING: model on: 2025-05-10 07:02:00
ERROR:root:could not verify read permissions for group and others on landmask.
Traceback (most recent call last):
  File "/home/pdaniel/anaconda3/lib/python3.8/site-packages/opendrift_landmask_data-0.6-py3.8.egg/opendrift_landmask_data/mask.py", line 77, in __check_permissions__
    if not os.stat(self.lockf).st_mode & 0o777 == 0o777:
FileNotFoundError: [Errno 2] No such file or directory: '/tmp/landmask/.mask.dat.lock'
ERROR:root:could not verify read permissions for group and others on landmask.
Traceback (most recent call last):
  File "/home/pdaniel/anaconda3/lib/python3.8/site-packages/opendrift_landmask_data-0.6-py3.8.egg/opendrift_landmask_data/mask.py", line 77, in __check_permissions__
    if not os.stat(self.lockf).st_mode & 0o777 == 0o777:
FileNotFoundError: [Errno 2] No such file or directory: '/tmp/landmask/.mask.dat.lock'
INFO:root:RUNNING: model on: 2025-05-10 20:16:00
ERROR:root:could not verify read permissions for group and others on landmask.
Traceback (most recent call last):
  File "/home/pdaniel/anaconda3/lib/python3.8/site-packages/opendrift_landmask_data-0.6-py3.8.egg/opendrift_landmask_data/mask.py", line 77, in __check_permissions__
    if not os.stat(self.lockf).st_mode & 0o777 == 0o777:
FileNotFoundError: [Errno 2] No such file or directory: '/tmp/landmask/.mask.dat.lock'
ERROR:root:could not verify read permissions for group and others on landmask.
Traceback (most recent call last):
  File "/home/pdaniel/anaconda3/lib/python3.8/site-packages/opendrift_landmask_data-0.6-py3.8.egg/opendrift_landmask_data/mask.py", line 77, in __check_permissions__
    if not os.stat(self.lockf).st_mode & 0o777 == 0o777:
FileNotFoundError: [Errno 2] No such file or directory: '/tmp/landmask/.mask.dat.lock'
INFO:numexpr.utils:NumExpr defaulting to 2 threads.
INFO:root:RUNNING: model on: 2025-05-11 07:25:00
ERROR:root:could not verify read permissions for group and others on landmask.
Traceback (most recent call last):
  File "/home/pdaniel/anaconda3/lib/python3.8/site-packages/opendrift_landmask_data-0.6-py3.8.egg/opendrift_landmask_data/mask.py", line 77, in __check_permissions__
    if not os.stat(self.lockf).st_mode & 0o777 == 0o777:
FileNotFoundError: [Errno 2] No such file or directory: '/tmp/landmask/.mask.dat.lock'
ERROR:root:could not verify read permissions for group and others on landmask.
Traceback (most recent call last):
  File "/home/pdaniel/anaconda3/lib/python3.8/site-packages/opendrift_landmask_data-0.6-py3.8.egg/opendrift_landmask_data/mask.py", line 77, in __check_permissions__
    if not os.stat(self.lockf).st_mode & 0o777 == 0o777:
FileNotFoundError: [Errno 2] No such file or directory: '/tmp/landmask/.mask.dat.lock'
INFO:root:RUNNING: model on: 2025-05-11 21:04:00
ERROR:root:could not verify read permissions for group and others on landmask.
Traceback (most recent call last):
  File "/home/pdaniel/anaconda3/lib/python3.8/site-packages/opendrift_landmask_data-0.6-py3.8.egg/opendrift_landmask_data/mask.py", line 77, in __check_permissions__
    if not os.stat(self.lockf).st_mode & 0o777 == 0o777:
FileNotFoundError: [Errno 2] No such file or directory: '/tmp/landmask/.mask.dat.lock'
ERROR:root:could not verify read permissions for group and others on landmask.
Traceback (most recent call last):
  File "/home/pdaniel/anaconda3/lib/python3.8/site-packages/opendrift_landmask_data-0.6-py3.8.egg/opendrift_landmask_data/mask.py", line 77, in __check_permissions__
    if not os.stat(self.lockf).st_mode & 0o777 == 0o777:
FileNotFoundError: [Errno 2] No such file or directory: '/tmp/landmask/.mask.dat.lock'
INFO:numexpr.utils:NumExpr defaulting to 2 threads.
INFO:root:RUNNING: model on: 2025-05-12 07:50:00
ERROR:root:could not verify read permissions for group and others on landmask.
Traceback (most recent call last):
  File "/home/pdaniel/anaconda3/lib/python3.8/site-packages/opendrift_landmask_data-0.6-py3.8.egg/opendrift_landmask_data/mask.py", line 77, in __check_permissions__
    if not os.stat(self.lockf).st_mode & 0o777 == 0o777:
FileNotFoundError: [Errno 2] No such file or directory: '/tmp/landmask/.mask.dat.lock'
ERROR:root:could not verify read permissions for group and others on landmask.
Traceback (most recent call last):
  File "/home/pdaniel/anaconda3/lib/python3.8/site-packages/opendrift_landmask_data-0.6-py3.8.egg/opendrift_landmask_data/mask.py", line 77, in __check_permissions__
    if not os.stat(self.lockf).st_mode & 0o777 == 0o777:
FileNotFoundError: [Errno 2] No such file or directory: '/tmp/landmask/.mask.dat.lock'
INFO:root:RUNNING: model on: 2025-05-12 21:50:00
ERROR:root:could not verify read permissions for group and others on landmask.
Traceback (most recent call last):
  File "/home/pdaniel/anaconda3/lib/python3.8/site-packages/opendrift_landmask_data-0.6-py3.8.egg/opendrift_landmask_data/mask.py", line 77, in __check_permissions__
    if not os.stat(self.lockf).st_mode & 0o777 == 0o777:
FileNotFoundError: [Errno 2] No such file or directory: '/tmp/landmask/.mask.dat.lock'
ERROR:root:could not verify read permissions for group and others on landmask.
Traceback (most recent call last):
  File "/home/pdaniel/anaconda3/lib/python3.8/site-packages/opendrift_landmask_data-0.6-py3.8.egg/opendrift_landmask_data/mask.py", line 77, in __check_permissions__
    if not os.stat(self.lockf).st_mode & 0o777 == 0o777:
FileNotFoundError: [Errno 2] No such file or directory: '/tmp/landmask/.mask.dat.lock'
INFO:numexpr.utils:NumExpr defaulting to 2 threads.
INFO:root:RUNNING: model on: 2025-05-13 08:17:00
ERROR:root:could not verify read permissions for group and others on landmask.
Traceback (most recent call last):
  File "/home/pdaniel/anaconda3/lib/python3.8/site-packages/opendrift_landmask_data-0.6-py3.8.egg/opendrift_landmask_data/mask.py", line 77, in __check_permissions__
    if not os.stat(self.lockf).st_mode & 0o777 == 0o777:
FileNotFoundError: [Errno 2] No such file or directory: '/tmp/landmask/.mask.dat.lock'
ERROR:root:could not verify read permissions for group and others on landmask.
Traceback (most recent call last):
  File "/home/pdaniel/anaconda3/lib/python3.8/site-packages/opendrift_landmask_data-0.6-py3.8.egg/opendrift_landmask_data/mask.py", line 77, in __check_permissions__
    if not os.stat(self.lockf).st_mode & 0o777 == 0o777:
FileNotFoundError: [Errno 2] No such file or directory: '/tmp/landmask/.mask.dat.lock'
INFO:root:RUNNING: model on: 2025-05-13 22:35:00
ERROR:root:could not verify read permissions for group and others on landmask.
Traceback (most recent call last):
  File "/home/pdaniel/anaconda3/lib/python3.8/site-packages/opendrift_landmask_data-0.6-py3.8.egg/opendrift_landmask_data/mask.py", line 77, in __check_permissions__
    if not os.stat(self.lockf).st_mode & 0o777 == 0o777:
FileNotFoundError: [Errno 2] No such file or directory: '/tmp/landmask/.mask.dat.lock'
ERROR:root:could not verify read permissions for group and others on landmask.
Traceback (most recent call last):
  File "/home/pdaniel/anaconda3/lib/python3.8/site-packages/opendrift_landmask_data-0.6-py3.8.egg/opendrift_landmask_data/mask.py", line 77, in __check_permissions__
    if not os.stat(self.lockf).st_mode & 0o777 == 0o777:
FileNotFoundError: [Errno 2] No such file or directory: '/tmp/landmask/.mask.dat.lock'
INFO:numexpr.utils:NumExpr defaulting to 2 threads.
INFO:numexpr.utils:NumExpr defaulting to 2 threads.
INFO:root:RUNNING: model on: 2025-05-14 23:20:00
ERROR:root:could not verify read permissions for group and others on landmask.
Traceback (most recent call last):
  File "/home/pdaniel/anaconda3/lib/python3.8/site-packages/opendrift_landmask_data-0.6-py3.8.egg/opendrift_landmask_data/mask.py", line 77, in __check_permissions__
    if not os.stat(self.lockf).st_mode & 0o777 == 0o777:
FileNotFoundError: [Errno 2] No such file or directory: '/tmp/landmask/.mask.dat.lock'
ERROR:root:could not verify read permissions for group and others on landmask.
Traceback (most recent call last):
  File "/home/pdaniel/anaconda3/lib/python3.8/site-packages/opendrift_landmask_data-0.6-py3.8.egg/opendrift_landmask_data/mask.py", line 77, in __check_permissions__
    if not os.stat(self.lockf).st_mode & 0o777 == 0o777:
FileNotFoundError: [Errno 2] No such file or directory: '/tmp/landmask/.mask.dat.lock'
INFO:root:RUNNING: model on: 2025-05-15 09:20:00
ERROR:root:could not verify read permissions for group and others on landmask.
Traceback (most recent call last):
  File "/home/pdaniel/anaconda3/lib/python3.8/site-packages/opendrift_landmask_data-0.6-py3.8.egg/opendrift_landmask_data/mask.py", line 77, in __check_permissions__
    if not os.stat(self.lockf).st_mode & 0o777 == 0o777:
FileNotFoundError: [Errno 2] No such file or directory: '/tmp/landmask/.mask.dat.lock'
ERROR:root:could not verify read permissions for group and others on landmask.
Traceback (most recent call last):
  File "/home/pdaniel/anaconda3/lib/python3.8/site-packages/opendrift_landmask_data-0.6-py3.8.egg/opendrift_landmask_data/mask.py", line 77, in __check_permissions__
    if not os.stat(self.lockf).st_mode & 0o777 == 0o777:
FileNotFoundError: [Errno 2] No such file or directory: '/tmp/landmask/.mask.dat.lock'
INFO:numexpr.utils:NumExpr defaulting to 2 threads.
INFO:root:RUNNING: model on: 2025-05-16 00:07:00
ERROR:root:could not verify read permissions for group and others on landmask.
Traceback (most recent call last):
  File "/home/pdaniel/anaconda3/lib/python3.8/site-packages/opendrift_landmask_data-0.6-py3.8.egg/opendrift_landmask_data/mask.py", line 77, in __check_permissions__
    if not os.stat(self.lockf).st_mode & 0o777 == 0o777:
FileNotFoundError: [Errno 2] No such file or directory: '/tmp/landmask/.mask.dat.lock'
ERROR:root:could not verify read permissions for group and others on landmask.
Traceback (most recent call last):
  File "/home/pdaniel/anaconda3/lib/python3.8/site-packages/opendrift_landmask_data-0.6-py3.8.egg/opendrift_landmask_data/mask.py", line 77, in __check_permissions__
    if not os.stat(self.lockf).st_mode & 0o777 == 0o777:
FileNotFoundError: [Errno 2] No such file or directory: '/tmp/landmask/.mask.dat.lock'
INFO:root:RUNNING: model on: 2025-05-16 09:58:00
ERROR:root:could not verify read permissions for group and others on landmask.
Traceback (most recent call last):
  File "/home/pdaniel/anaconda3/lib/python3.8/site-packages/opendrift_landmask_data-0.6-py3.8.egg/opendrift_landmask_data/mask.py", line 77, in __check_permissions__
    if not os.stat(self.lockf).st_mode & 0o777 == 0o777:
FileNotFoundError: [Errno 2] No such file or directory: '/tmp/landmask/.mask.dat.lock'
ERROR:root:could not verify read permissions for group and others on landmask.
Traceback (most recent call last):
  File "/home/pdaniel/anaconda3/lib/python3.8/site-packages/opendrift_landmask_data-0.6-py3.8.egg/opendrift_landmask_data/mask.py", line 77, in __check_permissions__
    if not os.stat(self.lockf).st_mode & 0o777 == 0o777:
FileNotFoundError: [Errno 2] No such file or directory: '/tmp/landmask/.mask.dat.lock'
INFO:numexpr.utils:NumExpr defaulting to 2 threads.
INFO:root:RUNNING: model on: 2025-05-17 00:57:00
ERROR:root:could not verify read permissions for group and others on landmask.
Traceback (most recent call last):
  File "/home/pdaniel/anaconda3/lib/python3.8/site-packages/opendrift_landmask_data-0.6-py3.8.egg/opendrift_landmask_data/mask.py", line 77, in __check_permissions__
    if not os.stat(self.lockf).st_mode & 0o777 == 0o777:
FileNotFoundError: [Errno 2] No such file or directory: '/tmp/landmask/.mask.dat.lock'
ERROR:root:could not verify read permissions for group and others on landmask.
Traceback (most recent call last):
  File "/home/pdaniel/anaconda3/lib/python3.8/site-packages/opendrift_landmask_data-0.6-py3.8.egg/opendrift_landmask_data/mask.py", line 77, in __check_permissions__
    if not os.stat(self.lockf).st_mode & 0o777 == 0o777:
FileNotFoundError: [Errno 2] No such file or directory: '/tmp/landmask/.mask.dat.lock'
INFO:root:RUNNING: model on: 2025-05-17 10:40:00
ERROR:root:could not verify read permissions for group and others on landmask.
Traceback (most recent call last):
  File "/home/pdaniel/anaconda3/lib/python3.8/site-packages/opendrift_landmask_data-0.6-py3.8.egg/opendrift_landmask_data/mask.py", line 77, in __check_permissions__
    if not os.stat(self.lockf).st_mode & 0o777 == 0o777:
FileNotFoundError: [Errno 2] No such file or directory: '/tmp/landmask/.mask.dat.lock'
ERROR:root:could not verify read permissions for group and others on landmask.
Traceback (most recent call last):
  File "/home/pdaniel/anaconda3/lib/python3.8/site-packages/opendrift_landmask_data-0.6-py3.8.egg/opendrift_landmask_data/mask.py", line 77, in __check_permissions__
    if not os.stat(self.lockf).st_mode & 0o777 == 0o777:
FileNotFoundError: [Errno 2] No such file or directory: '/tmp/landmask/.mask.dat.lock'
INFO:numexpr.utils:NumExpr defaulting to 2 threads.
INFO:root:RUNNING: model on: 2025-05-18 01:48:00
ERROR:root:could not verify read permissions for group and others on landmask.
Traceback (most recent call last):
  File "/home/pdaniel/anaconda3/lib/python3.8/site-packages/opendrift_landmask_data-0.6-py3.8.egg/opendrift_landmask_data/mask.py", line 77, in __check_permissions__
    if not os.stat(self.lockf).st_mode & 0o777 == 0o777:
FileNotFoundError: [Errno 2] No such file or directory: '/tmp/landmask/.mask.dat.lock'
ERROR:root:could not verify read permissions for group and others on landmask.
Traceback (most recent call last):
  File "/home/pdaniel/anaconda3/lib/python3.8/site-packages/opendrift_landmask_data-0.6-py3.8.egg/opendrift_landmask_data/mask.py", line 77, in __check_permissions__
    if not os.stat(self.lockf).st_mode & 0o777 == 0o777:
FileNotFoundError: [Errno 2] No such file or directory: '/tmp/landmask/.mask.dat.lock'
INFO:root:RUNNING: model on: 2025-05-18 11:30:00
ERROR:root:could not verify read permissions for group and others on landmask.
Traceback (most recent call last):
  File "/home/pdaniel/anaconda3/lib/python3.8/site-packages/opendrift_landmask_data-0.6-py3.8.egg/opendrift_landmask_data/mask.py", line 77, in __check_permissions__
    if not os.stat(self.lockf).st_mode & 0o777 == 0o777:
FileNotFoundError: [Errno 2] No such file or directory: '/tmp/landmask/.mask.dat.lock'
ERROR:root:could not verify read permissions for group and others on landmask.
Traceback (most recent call last):
  File "/home/pdaniel/anaconda3/lib/python3.8/site-packages/opendrift_landmask_data-0.6-py3.8.egg/opendrift_landmask_data/mask.py", line 77, in __check_permissions__
    if not os.stat(self.lockf).st_mode & 0o777 == 0o777:
FileNotFoundError: [Errno 2] No such file or directory: '/tmp/landmask/.mask.dat.lock'
INFO:numexpr.utils:NumExpr defaulting to 2 threads.
INFO:root:RUNNING: model on: 2025-05-19 02:38:00
ERROR:root:could not verify read permissions for group and others on landmask.
Traceback (most recent call last):
  File "/home/pdaniel/anaconda3/lib/python3.8/site-packages/opendrift_landmask_data-0.6-py3.8.egg/opendrift_landmask_data/mask.py", line 77, in __check_permissions__
    if not os.stat(self.lockf).st_mode & 0o777 == 0o777:
FileNotFoundError: [Errno 2] No such file or directory: '/tmp/landmask/.mask.dat.lock'
ERROR:root:could not verify read permissions for group and others on landmask.
Traceback (most recent call last):
  File "/home/pdaniel/anaconda3/lib/python3.8/site-packages/opendrift_landmask_data-0.6-py3.8.egg/opendrift_landmask_data/mask.py", line 77, in __check_permissions__
    if not os.stat(self.lockf).st_mode & 0o777 == 0o777:
FileNotFoundError: [Errno 2] No such file or directory: '/tmp/landmask/.mask.dat.lock'
INFO:root:RUNNING: model on: 2025-05-19 12:30:00
ERROR:root:could not verify read permissions for group and others on landmask.
Traceback (most recent call last):
  File "/home/pdaniel/anaconda3/lib/python3.8/site-packages/opendrift_landmask_data-0.6-py3.8.egg/opendrift_landmask_data/mask.py", line 77, in __check_permissions__
    if not os.stat(self.lockf).st_mode & 0o777 == 0o777:
FileNotFoundError: [Errno 2] No such file or directory: '/tmp/landmask/.mask.dat.lock'
ERROR:root:could not verify read permissions for group and others on landmask.
Traceback (most recent call last):
  File "/home/pdaniel/anaconda3/lib/python3.8/site-packages/opendrift_landmask_data-0.6-py3.8.egg/opendrift_landmask_data/mask.py", line 77, in __check_permissions__
    if not os.stat(self.lockf).st_mode & 0o777 == 0o777:
FileNotFoundError: [Errno 2] No such file or directory: '/tmp/landmask/.mask.dat.lock'
INFO:numexpr.utils:NumExpr defaulting to 2 threads.
INFO:root:RUNNING: model on: 2025-05-20 03:21:00
ERROR:root:could not verify read permissions for group and others on landmask.
Traceback (most recent call last):
  File "/home/pdaniel/anaconda3/lib/python3.8/site-packages/opendrift_landmask_data-0.6-py3.8.egg/opendrift_landmask_data/mask.py", line 77, in __check_permissions__
    if not os.stat(self.lockf).st_mode & 0o777 == 0o777:
FileNotFoundError: [Errno 2] No such file or directory: '/tmp/landmask/.mask.dat.lock'
ERROR:root:could not verify read permissions for group and others on landmask.
Traceback (most recent call last):
  File "/home/pdaniel/anaconda3/lib/python3.8/site-packages/opendrift_landmask_data-0.6-py3.8.egg/opendrift_landmask_data/mask.py", line 77, in __check_permissions__
    if not os.stat(self.lockf).st_mode & 0o777 == 0o777:
FileNotFoundError: [Errno 2] No such file or directory: '/tmp/landmask/.mask.dat.lock'
INFO:root:RUNNING: model on: 2025-05-20 13:43:00
ERROR:root:could not verify read permissions for group and others on landmask.
Traceback (most recent call last):
  File "/home/pdaniel/anaconda3/lib/python3.8/site-packages/opendrift_landmask_data-0.6-py3.8.egg/opendrift_landmask_data/mask.py", line 77, in __check_permissions__
    if not os.stat(self.lockf).st_mode & 0o777 == 0o777:
FileNotFoundError: [Errno 2] No such file or directory: '/tmp/landmask/.mask.dat.lock'
ERROR:root:could not verify read permissions for group and others on landmask.
Traceback (most recent call last):
  File "/home/pdaniel/anaconda3/lib/python3.8/site-packages/opendrift_landmask_data-0.6-py3.8.egg/opendrift_landmask_data/mask.py", line 77, in __check_permissions__
    if not os.stat(self.lockf).st_mode & 0o777 == 0o777:
FileNotFoundError: [Errno 2] No such file or directory: '/tmp/landmask/.mask.dat.lock'
INFO:numexpr.utils:NumExpr defaulting to 2 threads.
INFO:root:RUNNING: model on: 2025-05-21 04:00:00
ERROR:root:could not verify read permissions for group and others on landmask.
Traceback (most recent call last):
  File "/home/pdaniel/anaconda3/lib/python3.8/site-packages/opendrift_landmask_data-0.6-py3.8.egg/opendrift_landmask_data/mask.py", line 77, in __check_permissions__
    if not os.stat(self.lockf).st_mode & 0o777 == 0o777:
FileNotFoundError: [Errno 2] No such file or directory: '/tmp/landmask/.mask.dat.lock'
ERROR:root:could not verify read permissions for group and others on landmask.
Traceback (most recent call last):
  File "/home/pdaniel/anaconda3/lib/python3.8/site-packages/opendrift_landmask_data-0.6-py3.8.egg/opendrift_landmask_data/mask.py", line 77, in __check_permissions__
    if not os.stat(self.lockf).st_mode & 0o777 == 0o777:
FileNotFoundError: [Errno 2] No such file or directory: '/tmp/landmask/.mask.dat.lock'
INFO:root:RUNNING: model on: 2025-05-21 15:05:00
ERROR:root:could not verify read permissions for group and others on landmask.
Traceback (most recent call last):
  File "/home/pdaniel/anaconda3/lib/python3.8/site-packages/opendrift_landmask_data-0.6-py3.8.egg/opendrift_landmask_data/mask.py", line 77, in __check_permissions__
    if not os.stat(self.lockf).st_mode & 0o777 == 0o777:
FileNotFoundError: [Errno 2] No such file or directory: '/tmp/landmask/.mask.dat.lock'
ERROR:root:could not verify read permissions for group and others on landmask.
Traceback (most recent call last):
  File "/home/pdaniel/anaconda3/lib/python3.8/site-packages/opendrift_landmask_data-0.6-py3.8.egg/opendrift_landmask_data/mask.py", line 77, in __check_permissions__
    if not os.stat(self.lockf).st_mode & 0o777 == 0o777:
FileNotFoundError: [Errno 2] No such file or directory: '/tmp/landmask/.mask.dat.lock'
INFO:numexpr.utils:NumExpr defaulting to 2 threads.
INFO:root:RUNNING: model on: 2025-05-22 04:35:00
ERROR:root:could not verify read permissions for group and others on landmask.
Traceback (most recent call last):
  File "/home/pdaniel/anaconda3/lib/python3.8/site-packages/opendrift_landmask_data-0.6-py3.8.egg/opendrift_landmask_data/mask.py", line 77, in __check_permissions__
    if not os.stat(self.lockf).st_mode & 0o777 == 0o777:
FileNotFoundError: [Errno 2] No such file or directory: '/tmp/landmask/.mask.dat.lock'
ERROR:root:could not verify read permissions for group and others on landmask.
Traceback (most recent call last):
  File "/home/pdaniel/anaconda3/lib/python3.8/site-packages/opendrift_landmask_data-0.6-py3.8.egg/opendrift_landmask_data/mask.py", line 77, in __check_permissions__
    if not os.stat(self.lockf).st_mode & 0o777 == 0o777:
FileNotFoundError: [Errno 2] No such file or directory: '/tmp/landmask/.mask.dat.lock'
INFO:root:RUNNING: model on: 2025-05-22 16:30:00
ERROR:root:could not verify read permissions for group and others on landmask.
Traceback (most recent call last):
  File "/home/pdaniel/anaconda3/lib/python3.8/site-packages/opendrift_landmask_data-0.6-py3.8.egg/opendrift_landmask_data/mask.py", line 77, in __check_permissions__
    if not os.stat(self.lockf).st_mode & 0o777 == 0o777:
FileNotFoundError: [Errno 2] No such file or directory: '/tmp/landmask/.mask.dat.lock'
ERROR:root:could not verify read permissions for group and others on landmask.
Traceback (most recent call last):
  File "/home/pdaniel/anaconda3/lib/python3.8/site-packages/opendrift_landmask_data-0.6-py3.8.egg/opendrift_landmask_data/mask.py", line 77, in __check_permissions__
    if not os.stat(self.lockf).st_mode & 0o777 == 0o777:
FileNotFoundError: [Errno 2] No such file or directory: '/tmp/landmask/.mask.dat.lock'
INFO:numexpr.utils:NumExpr defaulting to 2 threads.
INFO:root:RUNNING: model on: 2025-05-23 05:10:00
ERROR:root:could not verify read permissions for group and others on landmask.
Traceback (most recent call last):
  File "/home/pdaniel/anaconda3/lib/python3.8/site-packages/opendrift_landmask_data-0.6-py3.8.egg/opendrift_landmask_data/mask.py", line 77, in __check_permissions__
    if not os.stat(self.lockf).st_mode & 0o777 == 0o777:
FileNotFoundError: [Errno 2] No such file or directory: '/tmp/landmask/.mask.dat.lock'
ERROR:root:could not verify read permissions for group and others on landmask.
Traceback (most recent call last):
  File "/home/pdaniel/anaconda3/lib/python3.8/site-packages/opendrift_landmask_data-0.6-py3.8.egg/opendrift_landmask_data/mask.py", line 77, in __check_permissions__
    if not os.stat(self.lockf).st_mode & 0o777 == 0o777:
FileNotFoundError: [Errno 2] No such file or directory: '/tmp/landmask/.mask.dat.lock'
INFO:root:RUNNING: model on: 2025-05-23 17:49:00
ERROR:root:could not verify read permissions for group and others on landmask.
Traceback (most recent call last):
  File "/home/pdaniel/anaconda3/lib/python3.8/site-packages/opendrift_landmask_data-0.6-py3.8.egg/opendrift_landmask_data/mask.py", line 77, in __check_permissions__
    if not os.stat(self.lockf).st_mode & 0o777 == 0o777:
FileNotFoundError: [Errno 2] No such file or directory: '/tmp/landmask/.mask.dat.lock'
ERROR:root:could not verify read permissions for group and others on landmask.
Traceback (most recent call last):
  File "/home/pdaniel/anaconda3/lib/python3.8/site-packages/opendrift_landmask_data-0.6-py3.8.egg/opendrift_landmask_data/mask.py", line 77, in __check_permissions__
    if not os.stat(self.lockf).st_mode & 0o777 == 0o777:
FileNotFoundError: [Errno 2] No such file or directory: '/tmp/landmask/.mask.dat.lock'
INFO:numexpr.utils:NumExpr defaulting to 2 threads.
INFO:root:RUNNING: model on: 2025-05-24 05:45:00
ERROR:root:could not verify read permissions for group and others on landmask.
Traceback (most recent call last):
  File "/home/pdaniel/anaconda3/lib/python3.8/site-packages/opendrift_landmask_data-0.6-py3.8.egg/opendrift_landmask_data/mask.py", line 77, in __check_permissions__
    if not os.stat(self.lockf).st_mode & 0o777 == 0o777:
FileNotFoundError: [Errno 2] No such file or directory: '/tmp/landmask/.mask.dat.lock'
ERROR:root:could not verify read permissions for group and others on landmask.
Traceback (most recent call last):
  File "/home/pdaniel/anaconda3/lib/python3.8/site-packages/opendrift_landmask_data-0.6-py3.8.egg/opendrift_landmask_data/mask.py", line 77, in __check_permissions__
    if not os.stat(self.lockf).st_mode & 0o777 == 0o777:
FileNotFoundError: [Errno 2] No such file or directory: '/tmp/landmask/.mask.dat.lock'
INFO:root:RUNNING: model on: 2025-05-24 19:02:00
ERROR:root:could not verify read permissions for group and others on landmask.
Traceback (most recent call last):
  File "/home/pdaniel/anaconda3/lib/python3.8/site-packages/opendrift_landmask_data-0.6-py3.8.egg/opendrift_landmask_data/mask.py", line 77, in __check_permissions__
    if not os.stat(self.lockf).st_mode & 0o777 == 0o777:
FileNotFoundError: [Errno 2] No such file or directory: '/tmp/landmask/.mask.dat.lock'
ERROR:root:could not verify read permissions for group and others on landmask.
Traceback (most recent call last):
  File "/home/pdaniel/anaconda3/lib/python3.8/site-packages/opendrift_landmask_data-0.6-py3.8.egg/opendrift_landmask_data/mask.py", line 77, in __check_permissions__
    if not os.stat(self.lockf).st_mode & 0o777 == 0o777:
FileNotFoundError: [Errno 2] No such file or directory: '/tmp/landmask/.mask.dat.lock'
INFO:numexpr.utils:NumExpr defaulting to 2 threads.
INFO:root:RUNNING: model on: 2025-05-25 06:22:00
ERROR:root:could not verify read permissions for group and others on landmask.
Traceback (most recent call last):
  File "/home/pdaniel/anaconda3/lib/python3.8/site-packages/opendrift_landmask_data-0.6-py3.8.egg/opendrift_landmask_data/mask.py", line 77, in __check_permissions__
    if not os.stat(self.lockf).st_mode & 0o777 == 0o777:
FileNotFoundError: [Errno 2] No such file or directory: '/tmp/landmask/.mask.dat.lock'
ERROR:root:could not verify read permissions for group and others on landmask.
Traceback (most recent call last):
  File "/home/pdaniel/anaconda3/lib/python3.8/site-packages/opendrift_landmask_data-0.6-py3.8.egg/opendrift_landmask_data/mask.py", line 77, in __check_permissions__
    if not os.stat(self.lockf).st_mode & 0o777 == 0o777:
FileNotFoundError: [Errno 2] No such file or directory: '/tmp/landmask/.mask.dat.lock'
INFO:root:RUNNING: model on: 2025-05-25 20:08:00
ERROR:root:could not verify read permissions for group and others on landmask.
Traceback (most recent call last):
  File "/home/pdaniel/anaconda3/lib/python3.8/site-packages/opendrift_landmask_data-0.6-py3.8.egg/opendrift_landmask_data/mask.py", line 77, in __check_permissions__
    if not os.stat(self.lockf).st_mode & 0o777 == 0o777:
FileNotFoundError: [Errno 2] No such file or directory: '/tmp/landmask/.mask.dat.lock'
ERROR:root:could not verify read permissions for group and others on landmask.
Traceback (most recent call last):
  File "/home/pdaniel/anaconda3/lib/python3.8/site-packages/opendrift_landmask_data-0.6-py3.8.egg/opendrift_landmask_data/mask.py", line 77, in __check_permissions__
    if not os.stat(self.lockf).st_mode & 0o777 == 0o777:
FileNotFoundError: [Errno 2] No such file or directory: '/tmp/landmask/.mask.dat.lock'
INFO:numexpr.utils:NumExpr defaulting to 2 threads.
INFO:root:RUNNING: model on: 2025-05-26 07:02:00
ERROR:root:could not verify read permissions for group and others on landmask.
Traceback (most recent call last):
  File "/home/pdaniel/anaconda3/lib/python3.8/site-packages/opendrift_landmask_data-0.6-py3.8.egg/opendrift_landmask_data/mask.py", line 77, in __check_permissions__
    if not os.stat(self.lockf).st_mode & 0o777 == 0o777:
FileNotFoundError: [Errno 2] No such file or directory: '/tmp/landmask/.mask.dat.lock'
ERROR:root:could not verify read permissions for group and others on landmask.
Traceback (most recent call last):
  File "/home/pdaniel/anaconda3/lib/python3.8/site-packages/opendrift_landmask_data-0.6-py3.8.egg/opendrift_landmask_data/mask.py", line 77, in __check_permissions__
    if not os.stat(self.lockf).st_mode & 0o777 == 0o777:
FileNotFoundError: [Errno 2] No such file or directory: '/tmp/landmask/.mask.dat.lock'
INFO:root:RUNNING: model on: 2025-05-26 21:10:00
ERROR:root:could not verify read permissions for group and others on landmask.
Traceback (most recent call last):
  File "/home/pdaniel/anaconda3/lib/python3.8/site-packages/opendrift_landmask_data-0.6-py3.8.egg/opendrift_landmask_data/mask.py", line 77, in __check_permissions__
    if not os.stat(self.lockf).st_mode & 0o777 == 0o777:
FileNotFoundError: [Errno 2] No such file or directory: '/tmp/landmask/.mask.dat.lock'
ERROR:root:could not verify read permissions for group and others on landmask.
Traceback (most recent call last):
  File "/home/pdaniel/anaconda3/lib/python3.8/site-packages/opendrift_landmask_data-0.6-py3.8.egg/opendrift_landmask_data/mask.py", line 77, in __check_permissions__
    if not os.stat(self.lockf).st_mode & 0o777 == 0o777:
FileNotFoundError: [Errno 2] No such file or directory: '/tmp/landmask/.mask.dat.lock'
INFO:numexpr.utils:NumExpr defaulting to 2 threads.
INFO:root:RUNNING: model on: 2025-05-27 07:45:00
ERROR:root:could not verify read permissions for group and others on landmask.
Traceback (most recent call last):
  File "/home/pdaniel/anaconda3/lib/python3.8/site-packages/opendrift_landmask_data-0.6-py3.8.egg/opendrift_landmask_data/mask.py", line 77, in __check_permissions__
    if not os.stat(self.lockf).st_mode & 0o777 == 0o777:
FileNotFoundError: [Errno 2] No such file or directory: '/tmp/landmask/.mask.dat.lock'
ERROR:root:could not verify read permissions for group and others on landmask.
Traceback (most recent call last):
  File "/home/pdaniel/anaconda3/lib/python3.8/site-packages/opendrift_landmask_data-0.6-py3.8.egg/opendrift_landmask_data/mask.py", line 77, in __check_permissions__
    if not os.stat(self.lockf).st_mode & 0o777 == 0o777:
FileNotFoundError: [Errno 2] No such file or directory: '/tmp/landmask/.mask.dat.lock'
INFO:root:RUNNING: model on: 2025-05-27 22:08:00
ERROR:root:could not verify read permissions for group and others on landmask.
Traceback (most recent call last):
  File "/home/pdaniel/anaconda3/lib/python3.8/site-packages/opendrift_landmask_data-0.6-py3.8.egg/opendrift_landmask_data/mask.py", line 77, in __check_permissions__
    if not os.stat(self.lockf).st_mode & 0o777 == 0o777:
FileNotFoundError: [Errno 2] No such file or directory: '/tmp/landmask/.mask.dat.lock'
ERROR:root:could not verify read permissions for group and others on landmask.
Traceback (most recent call last):
  File "/home/pdaniel/anaconda3/lib/python3.8/site-packages/opendrift_landmask_data-0.6-py3.8.egg/opendrift_landmask_data/mask.py", line 77, in __check_permissions__
    if not os.stat(self.lockf).st_mode & 0o777 == 0o777:
FileNotFoundError: [Errno 2] No such file or directory: '/tmp/landmask/.mask.dat.lock'
INFO:numexpr.utils:NumExpr defaulting to 2 threads.
INFO:root:RUNNING: model on: 2025-05-28 08:32:00
ERROR:root:could not verify read permissions for group and others on landmask.
Traceback (most recent call last):
  File "/home/pdaniel/anaconda3/lib/python3.8/site-packages/opendrift_landmask_data-0.6-py3.8.egg/opendrift_landmask_data/mask.py", line 77, in __check_permissions__
    if not os.stat(self.lockf).st_mode & 0o777 == 0o777:
FileNotFoundError: [Errno 2] No such file or directory: '/tmp/landmask/.mask.dat.lock'
ERROR:root:could not verify read permissions for group and others on landmask.
Traceback (most recent call last):
  File "/home/pdaniel/anaconda3/lib/python3.8/site-packages/opendrift_landmask_data-0.6-py3.8.egg/opendrift_landmask_data/mask.py", line 77, in __check_permissions__
    if not os.stat(self.lockf).st_mode & 0o777 == 0o777:
FileNotFoundError: [Errno 2] No such file or directory: '/tmp/landmask/.mask.dat.lock'
INFO:root:RUNNING: model on: 2025-05-28 23:04:00
ERROR:root:could not verify read permissions for group and others on landmask.
Traceback (most recent call last):
  File "/home/pdaniel/anaconda3/lib/python3.8/site-packages/opendrift_landmask_data-0.6-py3.8.egg/opendrift_landmask_data/mask.py", line 77, in __check_permissions__
    if not os.stat(self.lockf).st_mode & 0o777 == 0o777:
FileNotFoundError: [Errno 2] No such file or directory: '/tmp/landmask/.mask.dat.lock'
ERROR:root:could not verify read permissions for group and others on landmask.
Traceback (most recent call last):
  File "/home/pdaniel/anaconda3/lib/python3.8/site-packages/opendrift_landmask_data-0.6-py3.8.egg/opendrift_landmask_data/mask.py", line 77, in __check_permissions__
    if not os.stat(self.lockf).st_mode & 0o777 == 0o777:
FileNotFoundError: [Errno 2] No such file or directory: '/tmp/landmask/.mask.dat.lock'
INFO:numexpr.utils:NumExpr defaulting to 2 threads.
INFO:root:RUNNING: model on: 2025-05-29 09:20:00
ERROR:root:could not verify read permissions for group and others on landmask.
Traceback (most recent call last):
  File "/home/pdaniel/anaconda3/lib/python3.8/site-packages/opendrift_landmask_data-0.6-py3.8.egg/opendrift_landmask_data/mask.py", line 77, in __check_permissions__
    if not os.stat(self.lockf).st_mode & 0o777 == 0o777:
FileNotFoundError: [Errno 2] No such file or directory: '/tmp/landmask/.mask.dat.lock'
ERROR:root:could not verify read permissions for group and others on landmask.
Traceback (most recent call last):
  File "/home/pdaniel/anaconda3/lib/python3.8/site-packages/opendrift_landmask_data-0.6-py3.8.egg/opendrift_landmask_data/mask.py", line 77, in __check_permissions__
    if not os.stat(self.lockf).st_mode & 0o777 == 0o777:
FileNotFoundError: [Errno 2] No such file or directory: '/tmp/landmask/.mask.dat.lock'
INFO:numexpr.utils:NumExpr defaulting to 2 threads.
INFO:root:RUNNING: model on: 2025-05-29 23:58:00
ERROR:root:could not verify read permissions for group and others on landmask.
Traceback (most recent call last):
  File "/home/pdaniel/anaconda3/lib/python3.8/site-packages/opendrift_landmask_data-0.6-py3.8.egg/opendrift_landmask_data/mask.py", line 77, in __check_permissions__
    if not os.stat(self.lockf).st_mode & 0o777 == 0o777:
FileNotFoundError: [Errno 2] No such file or directory: '/tmp/landmask/.mask.dat.lock'
ERROR:root:could not verify read permissions for group and others on landmask.
Traceback (most recent call last):
  File "/home/pdaniel/anaconda3/lib/python3.8/site-packages/opendrift_landmask_data-0.6-py3.8.egg/opendrift_landmask_data/mask.py", line 77, in __check_permissions__
    if not os.stat(self.lockf).st_mode & 0o777 == 0o777:
FileNotFoundError: [Errno 2] No such file or directory: '/tmp/landmask/.mask.dat.lock'
INFO:root:RUNNING: model on: 2025-05-30 10:12:00
ERROR:root:could not verify read permissions for group and others on landmask.
Traceback (most recent call last):
  File "/home/pdaniel/anaconda3/lib/python3.8/site-packages/opendrift_landmask_data-0.6-py3.8.egg/opendrift_landmask_data/mask.py", line 77, in __check_permissions__
    if not os.stat(self.lockf).st_mode & 0o777 == 0o777:
FileNotFoundError: [Errno 2] No such file or directory: '/tmp/landmask/.mask.dat.lock'
ERROR:root:could not verify read permissions for group and others on landmask.
Traceback (most recent call last):
  File "/home/pdaniel/anaconda3/lib/python3.8/site-packages/opendrift_landmask_data-0.6-py3.8.egg/opendrift_landmask_data/mask.py", line 77, in __check_permissions__
    if not os.stat(self.lockf).st_mode & 0o777 == 0o777:
FileNotFoundError: [Errno 2] No such file or directory: '/tmp/landmask/.mask.dat.lock'
INFO:numexpr.utils:NumExpr defaulting to 2 threads.
INFO:root:RUNNING: model on: 2025-05-31 00:53:00
ERROR:root:could not verify read permissions for group and others on landmask.
Traceback (most recent call last):
  File "/home/pdaniel/anaconda3/lib/python3.8/site-packages/opendrift_landmask_data-0.6-py3.8.egg/opendrift_landmask_data/mask.py", line 77, in __check_permissions__
    if not os.stat(self.lockf).st_mode & 0o777 == 0o777:
FileNotFoundError: [Errno 2] No such file or directory: '/tmp/landmask/.mask.dat.lock'
ERROR:root:could not verify read permissions for group and others on landmask.
Traceback (most recent call last):
  File "/home/pdaniel/anaconda3/lib/python3.8/site-packages/opendrift_landmask_data-0.6-py3.8.egg/opendrift_landmask_data/mask.py", line 77, in __check_permissions__
    if not os.stat(self.lockf).st_mode & 0o777 == 0o777:
FileNotFoundError: [Errno 2] No such file or directory: '/tmp/landmask/.mask.dat.lock'
INFO:root:RUNNING: model on: 2025-05-31 11:06:00
ERROR:root:could not verify read permissions for group and others on landmask.
Traceback (most recent call last):
  File "/home/pdaniel/anaconda3/lib/python3.8/site-packages/opendrift_landmask_data-0.6-py3.8.egg/opendrift_landmask_data/mask.py", line 77, in __check_permissions__
    if not os.stat(self.lockf).st_mode & 0o777 == 0o777:
FileNotFoundError: [Errno 2] No such file or directory: '/tmp/landmask/.mask.dat.lock'
ERROR:root:could not verify read permissions for group and others on landmask.
Traceback (most recent call last):
  File "/home/pdaniel/anaconda3/lib/python3.8/site-packages/opendrift_landmask_data-0.6-py3.8.egg/opendrift_landmask_data/mask.py", line 77, in __check_permissions__
    if not os.stat(self.lockf).st_mode & 0o777 == 0o777:
FileNotFoundError: [Errno 2] No such file or directory: '/tmp/landmask/.mask.dat.lock'
INFO:numexpr.utils:NumExpr defaulting to 2 threads.
INFO:root:RUNNING: model on: 2025-06-01 01:46:00
ERROR:root:could not verify read permissions for group and others on landmask.
Traceback (most recent call last):
  File "/home/pdaniel/anaconda3/lib/python3.8/site-packages/opendrift_landmask_data-0.6-py3.8.egg/opendrift_landmask_data/mask.py", line 77, in __check_permissions__
    if not os.stat(self.lockf).st_mode & 0o777 == 0o777:
FileNotFoundError: [Errno 2] No such file or directory: '/tmp/landmask/.mask.dat.lock'
ERROR:root:could not verify read permissions for group and others on landmask.
Traceback (most recent call last):
  File "/home/pdaniel/anaconda3/lib/python3.8/site-packages/opendrift_landmask_data-0.6-py3.8.egg/opendrift_landmask_data/mask.py", line 77, in __check_permissions__
    if not os.stat(self.lockf).st_mode & 0o777 == 0o777:
FileNotFoundError: [Errno 2] No such file or directory: '/tmp/landmask/.mask.dat.lock'
INFO:root:RUNNING: model on: 2025-06-01 12:04:00
ERROR:root:could not verify read permissions for group and others on landmask.
Traceback (most recent call last):
  File "/home/pdaniel/anaconda3/lib/python3.8/site-packages/opendrift_landmask_data-0.6-py3.8.egg/opendrift_landmask_data/mask.py", line 77, in __check_permissions__
    if not os.stat(self.lockf).st_mode & 0o777 == 0o777:
FileNotFoundError: [Errno 2] No such file or directory: '/tmp/landmask/.mask.dat.lock'
ERROR:root:could not verify read permissions for group and others on landmask.
Traceback (most recent call last):
  File "/home/pdaniel/anaconda3/lib/python3.8/site-packages/opendrift_landmask_data-0.6-py3.8.egg/opendrift_landmask_data/mask.py", line 77, in __check_permissions__
    if not os.stat(self.lockf).st_mode & 0o777 == 0o777:
FileNotFoundError: [Errno 2] No such file or directory: '/tmp/landmask/.mask.dat.lock'
INFO:numexpr.utils:NumExpr defaulting to 2 threads.
INFO:root:RUNNING: model on: 2025-06-02 02:37:00
ERROR:root:could not verify read permissions for group and others on landmask.
Traceback (most recent call last):
  File "/home/pdaniel/anaconda3/lib/python3.8/site-packages/opendrift_landmask_data-0.6-py3.8.egg/opendrift_landmask_data/mask.py", line 77, in __check_permissions__
    if not os.stat(self.lockf).st_mode & 0o777 == 0o777:
FileNotFoundError: [Errno 2] No such file or directory: '/tmp/landmask/.mask.dat.lock'
ERROR:root:could not verify read permissions for group and others on landmask.
Traceback (most recent call last):
  File "/home/pdaniel/anaconda3/lib/python3.8/site-packages/opendrift_landmask_data-0.6-py3.8.egg/opendrift_landmask_data/mask.py", line 77, in __check_permissions__
    if not os.stat(self.lockf).st_mode & 0o777 == 0o777:
FileNotFoundError: [Errno 2] No such file or directory: '/tmp/landmask/.mask.dat.lock'
INFO:root:RUNNING: model on: 2025-06-02 13:09:00
ERROR:root:could not verify read permissions for group and others on landmask.
Traceback (most recent call last):
  File "/home/pdaniel/anaconda3/lib/python3.8/site-packages/opendrift_landmask_data-0.6-py3.8.egg/opendrift_landmask_data/mask.py", line 77, in __check_permissions__
    if not os.stat(self.lockf).st_mode & 0o777 == 0o777:
FileNotFoundError: [Errno 2] No such file or directory: '/tmp/landmask/.mask.dat.lock'
ERROR:root:could not verify read permissions for group and others on landmask.
Traceback (most recent call last):
  File "/home/pdaniel/anaconda3/lib/python3.8/site-packages/opendrift_landmask_data-0.6-py3.8.egg/opendrift_landmask_data/mask.py", line 77, in __check_permissions__
    if not os.stat(self.lockf).st_mode & 0o777 == 0o777:
FileNotFoundError: [Errno 2] No such file or directory: '/tmp/landmask/.mask.dat.lock'
INFO:numexpr.utils:NumExpr defaulting to 2 threads.
INFO:root:RUNNING: model on: 2025-06-03 03:24:00
ERROR:root:could not verify read permissions for group and others on landmask.
Traceback (most recent call last):
  File "/home/pdaniel/anaconda3/lib/python3.8/site-packages/opendrift_landmask_data-0.6-py3.8.egg/opendrift_landmask_data/mask.py", line 77, in __check_permissions__
    if not os.stat(self.lockf).st_mode & 0o777 == 0o777:
FileNotFoundError: [Errno 2] No such file or directory: '/tmp/landmask/.mask.dat.lock'
ERROR:root:could not verify read permissions for group and others on landmask.
Traceback (most recent call last):
  File "/home/pdaniel/anaconda3/lib/python3.8/site-packages/opendrift_landmask_data-0.6-py3.8.egg/opendrift_landmask_data/mask.py", line 77, in __check_permissions__
    if not os.stat(self.lockf).st_mode & 0o777 == 0o777:
FileNotFoundError: [Errno 2] No such file or directory: '/tmp/landmask/.mask.dat.lock'
INFO:root:RUNNING: model on: 2025-06-03 14:23:00
ERROR:root:could not verify read permissions for group and others on landmask.
Traceback (most recent call last):
  File "/home/pdaniel/anaconda3/lib/python3.8/site-packages/opendrift_landmask_data-0.6-py3.8.egg/opendrift_landmask_data/mask.py", line 77, in __check_permissions__
    if not os.stat(self.lockf).st_mode & 0o777 == 0o777:
FileNotFoundError: [Errno 2] No such file or directory: '/tmp/landmask/.mask.dat.lock'
ERROR:root:could not verify read permissions for group and others on landmask.
Traceback (most recent call last):
  File "/home/pdaniel/anaconda3/lib/python3.8/site-packages/opendrift_landmask_data-0.6-py3.8.egg/opendrift_landmask_data/mask.py", line 77, in __check_permissions__
    if not os.stat(self.lockf).st_mode & 0o777 == 0o777:
FileNotFoundError: [Errno 2] No such file or directory: '/tmp/landmask/.mask.dat.lock'
INFO:numexpr.utils:NumExpr defaulting to 2 threads.
INFO:root:RUNNING: model on: 2025-06-04 04:05:00
ERROR:root:could not verify read permissions for group and others on landmask.
Traceback (most recent call last):
  File "/home/pdaniel/anaconda3/lib/python3.8/site-packages/opendrift_landmask_data-0.6-py3.8.egg/opendrift_landmask_data/mask.py", line 77, in __check_permissions__
    if not os.stat(self.lockf).st_mode & 0o777 == 0o777:
FileNotFoundError: [Errno 2] No such file or directory: '/tmp/landmask/.mask.dat.lock'
ERROR:root:could not verify read permissions for group and others on landmask.
Traceback (most recent call last):
  File "/home/pdaniel/anaconda3/lib/python3.8/site-packages/opendrift_landmask_data-0.6-py3.8.egg/opendrift_landmask_data/mask.py", line 77, in __check_permissions__
    if not os.stat(self.lockf).st_mode & 0o777 == 0o777:
FileNotFoundError: [Errno 2] No such file or directory: '/tmp/landmask/.mask.dat.lock'
INFO:root:RUNNING: model on: 2025-06-04 15:46:00
ERROR:root:could not verify read permissions for group and others on landmask.
Traceback (most recent call last):
  File "/home/pdaniel/anaconda3/lib/python3.8/site-packages/opendrift_landmask_data-0.6-py3.8.egg/opendrift_landmask_data/mask.py", line 77, in __check_permissions__
    if not os.stat(self.lockf).st_mode & 0o777 == 0o777:
FileNotFoundError: [Errno 2] No such file or directory: '/tmp/landmask/.mask.dat.lock'
ERROR:root:could not verify read permissions for group and others on landmask.
Traceback (most recent call last):
  File "/home/pdaniel/anaconda3/lib/python3.8/site-packages/opendrift_landmask_data-0.6-py3.8.egg/opendrift_landmask_data/mask.py", line 77, in __check_permissions__
    if not os.stat(self.lockf).st_mode & 0o777 == 0o777:
FileNotFoundError: [Errno 2] No such file or directory: '/tmp/landmask/.mask.dat.lock'
INFO:numexpr.utils:NumExpr defaulting to 2 threads.
INFO:root:RUNNING: model on: 2025-06-05 04:40:00
ERROR:root:could not verify read permissions for group and others on landmask.
Traceback (most recent call last):
  File "/home/pdaniel/anaconda3/lib/python3.8/site-packages/opendrift_landmask_data-0.6-py3.8.egg/opendrift_landmask_data/mask.py", line 77, in __check_permissions__
    if not os.stat(self.lockf).st_mode & 0o777 == 0o777:
FileNotFoundError: [Errno 2] No such file or directory: '/tmp/landmask/.mask.dat.lock'
ERROR:root:could not verify read permissions for group and others on landmask.
Traceback (most recent call last):
  File "/home/pdaniel/anaconda3/lib/python3.8/site-packages/opendrift_landmask_data-0.6-py3.8.egg/opendrift_landmask_data/mask.py", line 77, in __check_permissions__
    if not os.stat(self.lockf).st_mode & 0o777 == 0o777:
FileNotFoundError: [Errno 2] No such file or directory: '/tmp/landmask/.mask.dat.lock'
INFO:root:RUNNING: model on: 2025-06-05 17:10:00
ERROR:root:could not verify read permissions for group and others on landmask.
Traceback (most recent call last):
  File "/home/pdaniel/anaconda3/lib/python3.8/site-packages/opendrift_landmask_data-0.6-py3.8.egg/opendrift_landmask_data/mask.py", line 77, in __check_permissions__
    if not os.stat(self.lockf).st_mode & 0o777 == 0o777:
FileNotFoundError: [Errno 2] No such file or directory: '/tmp/landmask/.mask.dat.lock'
ERROR:root:could not verify read permissions for group and others on landmask.
Traceback (most recent call last):
  File "/home/pdaniel/anaconda3/lib/python3.8/site-packages/opendrift_landmask_data-0.6-py3.8.egg/opendrift_landmask_data/mask.py", line 77, in __check_permissions__
    if not os.stat(self.lockf).st_mode & 0o777 == 0o777:
FileNotFoundError: [Errno 2] No such file or directory: '/tmp/landmask/.mask.dat.lock'
INFO:numexpr.utils:NumExpr defaulting to 2 threads.
INFO:root:RUNNING: model on: 2025-06-06 05:12:00
ERROR:root:could not verify read permissions for group and others on landmask.
Traceback (most recent call last):
  File "/home/pdaniel/anaconda3/lib/python3.8/site-packages/opendrift_landmask_data-0.6-py3.8.egg/opendrift_landmask_data/mask.py", line 77, in __check_permissions__
    if not os.stat(self.lockf).st_mode & 0o777 == 0o777:
FileNotFoundError: [Errno 2] No such file or directory: '/tmp/landmask/.mask.dat.lock'
ERROR:root:could not verify read permissions for group and others on landmask.
Traceback (most recent call last):
  File "/home/pdaniel/anaconda3/lib/python3.8/site-packages/opendrift_landmask_data-0.6-py3.8.egg/opendrift_landmask_data/mask.py", line 77, in __check_permissions__
    if not os.stat(self.lockf).st_mode & 0o777 == 0o777:
FileNotFoundError: [Errno 2] No such file or directory: '/tmp/landmask/.mask.dat.lock'
INFO:root:RUNNING: model on: 2025-06-06 18:25:00
ERROR:root:could not verify read permissions for group and others on landmask.
Traceback (most recent call last):
  File "/home/pdaniel/anaconda3/lib/python3.8/site-packages/opendrift_landmask_data-0.6-py3.8.egg/opendrift_landmask_data/mask.py", line 77, in __check_permissions__
    if not os.stat(self.lockf).st_mode & 0o777 == 0o777:
FileNotFoundError: [Errno 2] No such file or directory: '/tmp/landmask/.mask.dat.lock'
ERROR:root:could not verify read permissions for group and others on landmask.
Traceback (most recent call last):
  File "/home/pdaniel/anaconda3/lib/python3.8/site-packages/opendrift_landmask_data-0.6-py3.8.egg/opendrift_landmask_data/mask.py", line 77, in __check_permissions__
    if not os.stat(self.lockf).st_mode & 0o777 == 0o777:
FileNotFoundError: [Errno 2] No such file or directory: '/tmp/landmask/.mask.dat.lock'
INFO:numexpr.utils:NumExpr defaulting to 2 threads.
INFO:root:RUNNING: model on: 2025-06-07 05:41:00
ERROR:root:could not verify read permissions for group and others on landmask.
Traceback (most recent call last):
  File "/home/pdaniel/anaconda3/lib/python3.8/site-packages/opendrift_landmask_data-0.6-py3.8.egg/opendrift_landmask_data/mask.py", line 77, in __check_permissions__
    if not os.stat(self.lockf).st_mode & 0o777 == 0o777:
FileNotFoundError: [Errno 2] No such file or directory: '/tmp/landmask/.mask.dat.lock'
ERROR:root:could not verify read permissions for group and others on landmask.
Traceback (most recent call last):
  File "/home/pdaniel/anaconda3/lib/python3.8/site-packages/opendrift_landmask_data-0.6-py3.8.egg/opendrift_landmask_data/mask.py", line 77, in __check_permissions__
    if not os.stat(self.lockf).st_mode & 0o777 == 0o777:
FileNotFoundError: [Errno 2] No such file or directory: '/tmp/landmask/.mask.dat.lock'
INFO:root:RUNNING: model on: 2025-06-07 19:28:00
ERROR:root:could not verify read permissions for group and others on landmask.
Traceback (most recent call last):
  File "/home/pdaniel/anaconda3/lib/python3.8/site-packages/opendrift_landmask_data-0.6-py3.8.egg/opendrift_landmask_data/mask.py", line 77, in __check_permissions__
    if not os.stat(self.lockf).st_mode & 0o777 == 0o777:
FileNotFoundError: [Errno 2] No such file or directory: '/tmp/landmask/.mask.dat.lock'
ERROR:root:could not verify read permissions for group and others on landmask.
Traceback (most recent call last):
  File "/home/pdaniel/anaconda3/lib/python3.8/site-packages/opendrift_landmask_data-0.6-py3.8.egg/opendrift_landmask_data/mask.py", line 77, in __check_permissions__
    if not os.stat(self.lockf).st_mode & 0o777 == 0o777:
FileNotFoundError: [Errno 2] No such file or directory: '/tmp/landmask/.mask.dat.lock'
INFO:numexpr.utils:NumExpr defaulting to 2 threads.
INFO:root:RUNNING: model on: 2025-06-08 06:10:00
ERROR:root:could not verify read permissions for group and others on landmask.
Traceback (most recent call last):
  File "/home/pdaniel/anaconda3/lib/python3.8/site-packages/opendrift_landmask_data-0.6-py3.8.egg/opendrift_landmask_data/mask.py", line 77, in __check_permissions__
    if not os.stat(self.lockf).st_mode & 0o777 == 0o777:
FileNotFoundError: [Errno 2] No such file or directory: '/tmp/landmask/.mask.dat.lock'
ERROR:root:could not verify read permissions for group and others on landmask.
Traceback (most recent call last):
  File "/home/pdaniel/anaconda3/lib/python3.8/site-packages/opendrift_landmask_data-0.6-py3.8.egg/opendrift_landmask_data/mask.py", line 77, in __check_permissions__
    if not os.stat(self.lockf).st_mode & 0o777 == 0o777:
FileNotFoundError: [Errno 2] No such file or directory: '/tmp/landmask/.mask.dat.lock'
INFO:root:RUNNING: model on: 2025-06-08 20:21:00
ERROR:root:could not verify read permissions for group and others on landmask.
Traceback (most recent call last):
  File "/home/pdaniel/anaconda3/lib/python3.8/site-packages/opendrift_landmask_data-0.6-py3.8.egg/opendrift_landmask_data/mask.py", line 77, in __check_permissions__
    if not os.stat(self.lockf).st_mode & 0o777 == 0o777:
FileNotFoundError: [Errno 2] No such file or directory: '/tmp/landmask/.mask.dat.lock'
ERROR:root:could not verify read permissions for group and others on landmask.
Traceback (most recent call last):
  File "/home/pdaniel/anaconda3/lib/python3.8/site-packages/opendrift_landmask_data-0.6-py3.8.egg/opendrift_landmask_data/mask.py", line 77, in __check_permissions__
    if not os.stat(self.lockf).st_mode & 0o777 == 0o777:
FileNotFoundError: [Errno 2] No such file or directory: '/tmp/landmask/.mask.dat.lock'
INFO:numexpr.utils:NumExpr defaulting to 2 threads.
INFO:root:RUNNING: model on: 2025-06-09 06:40:00
ERROR:root:could not verify read permissions for group and others on landmask.
Traceback (most recent call last):
  File "/home/pdaniel/anaconda3/lib/python3.8/site-packages/opendrift_landmask_data-0.6-py3.8.egg/opendrift_landmask_data/mask.py", line 77, in __check_permissions__
    if not os.stat(self.lockf).st_mode & 0o777 == 0o777:
FileNotFoundError: [Errno 2] No such file or directory: '/tmp/landmask/.mask.dat.lock'
ERROR:root:could not verify read permissions for group and others on landmask.
Traceback (most recent call last):
  File "/home/pdaniel/anaconda3/lib/python3.8/site-packages/opendrift_landmask_data-0.6-py3.8.egg/opendrift_landmask_data/mask.py", line 77, in __check_permissions__
    if not os.stat(self.lockf).st_mode & 0o777 == 0o777:
FileNotFoundError: [Errno 2] No such file or directory: '/tmp/landmask/.mask.dat.lock'
INFO:root:RUNNING: model on: 2025-06-09 21:08:00
ERROR:root:could not verify read permissions for group and others on landmask.
Traceback (most recent call last):
  File "/home/pdaniel/anaconda3/lib/python3.8/site-packages/opendrift_landmask_data-0.6-py3.8.egg/opendrift_landmask_data/mask.py", line 77, in __check_permissions__
    if not os.stat(self.lockf).st_mode & 0o777 == 0o777:
FileNotFoundError: [Errno 2] No such file or directory: '/tmp/landmask/.mask.dat.lock'
ERROR:root:could not verify read permissions for group and others on landmask.
Traceback (most recent call last):
  File "/home/pdaniel/anaconda3/lib/python3.8/site-packages/opendrift_landmask_data-0.6-py3.8.egg/opendrift_landmask_data/mask.py", line 77, in __check_permissions__
    if not os.stat(self.lockf).st_mode & 0o777 == 0o777:
FileNotFoundError: [Errno 2] No such file or directory: '/tmp/landmask/.mask.dat.lock'
INFO:numexpr.utils:NumExpr defaulting to 2 threads.
INFO:root:RUNNING: model on: 2025-06-10 07:13:00
ERROR:root:could not verify read permissions for group and others on landmask.
Traceback (most recent call last):
  File "/home/pdaniel/anaconda3/lib/python3.8/site-packages/opendrift_landmask_data-0.6-py3.8.egg/opendrift_landmask_data/mask.py", line 77, in __check_permissions__
    if not os.stat(self.lockf).st_mode & 0o777 == 0o777:
FileNotFoundError: [Errno 2] No such file or directory: '/tmp/landmask/.mask.dat.lock'
ERROR:root:could not verify read permissions for group and others on landmask.
Traceback (most recent call last):
  File "/home/pdaniel/anaconda3/lib/python3.8/site-packages/opendrift_landmask_data-0.6-py3.8.egg/opendrift_landmask_data/mask.py", line 77, in __check_permissions__
    if not os.stat(self.lockf).st_mode & 0o777 == 0o777:
FileNotFoundError: [Errno 2] No such file or directory: '/tmp/landmask/.mask.dat.lock'
INFO:root:RUNNING: model on: 2025-06-10 21:51:00
ERROR:root:could not verify read permissions for group and others on landmask.
Traceback (most recent call last):
  File "/home/pdaniel/anaconda3/lib/python3.8/site-packages/opendrift_landmask_data-0.6-py3.8.egg/opendrift_landmask_data/mask.py", line 77, in __check_permissions__
    if not os.stat(self.lockf).st_mode & 0o777 == 0o777:
FileNotFoundError: [Errno 2] No such file or directory: '/tmp/landmask/.mask.dat.lock'
ERROR:root:could not verify read permissions for group and others on landmask.
Traceback (most recent call last):
  File "/home/pdaniel/anaconda3/lib/python3.8/site-packages/opendrift_landmask_data-0.6-py3.8.egg/opendrift_landmask_data/mask.py", line 77, in __check_permissions__
    if not os.stat(self.lockf).st_mode & 0o777 == 0o777:
FileNotFoundError: [Errno 2] No such file or directory: '/tmp/landmask/.mask.dat.lock'
INFO:numexpr.utils:NumExpr defaulting to 2 threads.
INFO:root:RUNNING: model on: 2025-06-11 07:47:00
ERROR:root:could not verify read permissions for group and others on landmask.
Traceback (most recent call last):
  File "/home/pdaniel/anaconda3/lib/python3.8/site-packages/opendrift_landmask_data-0.6-py3.8.egg/opendrift_landmask_data/mask.py", line 77, in __check_permissions__
    if not os.stat(self.lockf).st_mode & 0o777 == 0o777:
FileNotFoundError: [Errno 2] No such file or directory: '/tmp/landmask/.mask.dat.lock'
ERROR:root:could not verify read permissions for group and others on landmask.
Traceback (most recent call last):
  File "/home/pdaniel/anaconda3/lib/python3.8/site-packages/opendrift_landmask_data-0.6-py3.8.egg/opendrift_landmask_data/mask.py", line 77, in __check_permissions__
    if not os.stat(self.lockf).st_mode & 0o777 == 0o777:
FileNotFoundError: [Errno 2] No such file or directory: '/tmp/landmask/.mask.dat.lock'
INFO:root:RUNNING: model on: 2025-06-11 22:31:00
ERROR:root:could not verify read permissions for group and others on landmask.
Traceback (most recent call last):
  File "/home/pdaniel/anaconda3/lib/python3.8/site-packages/opendrift_landmask_data-0.6-py3.8.egg/opendrift_landmask_data/mask.py", line 77, in __check_permissions__
    if not os.stat(self.lockf).st_mode & 0o777 == 0o777:
FileNotFoundError: [Errno 2] No such file or directory: '/tmp/landmask/.mask.dat.lock'
ERROR:root:could not verify read permissions for group and others on landmask.
Traceback (most recent call last):
  File "/home/pdaniel/anaconda3/lib/python3.8/site-packages/opendrift_landmask_data-0.6-py3.8.egg/opendrift_landmask_data/mask.py", line 77, in __check_permissions__
    if not os.stat(self.lockf).st_mode & 0o777 == 0o777:
FileNotFoundError: [Errno 2] No such file or directory: '/tmp/landmask/.mask.dat.lock'
INFO:numexpr.utils:NumExpr defaulting to 2 threads.
INFO:root:RUNNING: model on: 2025-06-12 08:24:00
ERROR:root:could not verify read permissions for group and others on landmask.
Traceback (most recent call last):
  File "/home/pdaniel/anaconda3/lib/python3.8/site-packages/opendrift_landmask_data-0.6-py3.8.egg/opendrift_landmask_data/mask.py", line 77, in __check_permissions__
    if not os.stat(self.lockf).st_mode & 0o777 == 0o777:
FileNotFoundError: [Errno 2] No such file or directory: '/tmp/landmask/.mask.dat.lock'
ERROR:root:could not verify read permissions for group and others on landmask.
Traceback (most recent call last):
  File "/home/pdaniel/anaconda3/lib/python3.8/site-packages/opendrift_landmask_data-0.6-py3.8.egg/opendrift_landmask_data/mask.py", line 77, in __check_permissions__
    if not os.stat(self.lockf).st_mode & 0o777 == 0o777:
FileNotFoundError: [Errno 2] No such file or directory: '/tmp/landmask/.mask.dat.lock'
INFO:root:RUNNING: model on: 2025-06-12 23:09:00
ERROR:root:could not verify read permissions for group and others on landmask.
Traceback (most recent call last):
  File "/home/pdaniel/anaconda3/lib/python3.8/site-packages/opendrift_landmask_data-0.6-py3.8.egg/opendrift_landmask_data/mask.py", line 77, in __check_permissions__
    if not os.stat(self.lockf).st_mode & 0o777 == 0o777:
FileNotFoundError: [Errno 2] No such file or directory: '/tmp/landmask/.mask.dat.lock'
ERROR:root:could not verify read permissions for group and others on landmask.
Traceback (most recent call last):
  File "/home/pdaniel/anaconda3/lib/python3.8/site-packages/opendrift_landmask_data-0.6-py3.8.egg/opendrift_landmask_data/mask.py", line 77, in __check_permissions__
    if not os.stat(self.lockf).st_mode & 0o777 == 0o777:
FileNotFoundError: [Errno 2] No such file or directory: '/tmp/landmask/.mask.dat.lock'
INFO:numexpr.utils:NumExpr defaulting to 2 threads.
INFO:root:RUNNING: model on: 2025-06-13 09:03:00
ERROR:root:could not verify read permissions for group and others on landmask.
Traceback (most recent call last):
  File "/home/pdaniel/anaconda3/lib/python3.8/site-packages/opendrift_landmask_data-0.6-py3.8.egg/opendrift_landmask_data/mask.py", line 77, in __check_permissions__
    if not os.stat(self.lockf).st_mode & 0o777 == 0o777:
FileNotFoundError: [Errno 2] No such file or directory: '/tmp/landmask/.mask.dat.lock'
ERROR:root:could not verify read permissions for group and others on landmask.
Traceback (most recent call last):
  File "/home/pdaniel/anaconda3/lib/python3.8/site-packages/opendrift_landmask_data-0.6-py3.8.egg/opendrift_landmask_data/mask.py", line 77, in __check_permissions__
    if not os.stat(self.lockf).st_mode & 0o777 == 0o777:
FileNotFoundError: [Errno 2] No such file or directory: '/tmp/landmask/.mask.dat.lock'
INFO:numexpr.utils:NumExpr defaulting to 2 threads.
INFO:root:RUNNING: model on: 2025-06-13 23:48:00
ERROR:root:could not verify read permissions for group and others on landmask.
Traceback (most recent call last):
  File "/home/pdaniel/anaconda3/lib/python3.8/site-packages/opendrift_landmask_data-0.6-py3.8.egg/opendrift_landmask_data/mask.py", line 77, in __check_permissions__
    if not os.stat(self.lockf).st_mode & 0o777 == 0o777:
FileNotFoundError: [Errno 2] No such file or directory: '/tmp/landmask/.mask.dat.lock'
ERROR:root:could not verify read permissions for group and others on landmask.
Traceback (most recent call last):
  File "/home/pdaniel/anaconda3/lib/python3.8/site-packages/opendrift_landmask_data-0.6-py3.8.egg/opendrift_landmask_data/mask.py", line 77, in __check_permissions__
    if not os.stat(self.lockf).st_mode & 0o777 == 0o777:
FileNotFoundError: [Errno 2] No such file or directory: '/tmp/landmask/.mask.dat.lock'
INFO:root:RUNNING: model on: 2025-06-14 09:43:00
ERROR:root:could not verify read permissions for group and others on landmask.
Traceback (most recent call last):
  File "/home/pdaniel/anaconda3/lib/python3.8/site-packages/opendrift_landmask_data-0.6-py3.8.egg/opendrift_landmask_data/mask.py", line 77, in __check_permissions__
    if not os.stat(self.lockf).st_mode & 0o777 == 0o777:
FileNotFoundError: [Errno 2] No such file or directory: '/tmp/landmask/.mask.dat.lock'
ERROR:root:could not verify read permissions for group and others on landmask.
Traceback (most recent call last):
  File "/home/pdaniel/anaconda3/lib/python3.8/site-packages/opendrift_landmask_data-0.6-py3.8.egg/opendrift_landmask_data/mask.py", line 77, in __check_permissions__
    if not os.stat(self.lockf).st_mode & 0o777 == 0o777:
FileNotFoundError: [Errno 2] No such file or directory: '/tmp/landmask/.mask.dat.lock'
INFO:numexpr.utils:NumExpr defaulting to 2 threads.
INFO:numexpr.utils:NumExpr defaulting to 2 threads.
INFO:numexpr.utils:NumExpr defaulting to 2 threads.
INFO:numexpr.utils:NumExpr defaulting to 2 threads.
INFO:numexpr.utils:NumExpr defaulting to 2 threads.
INFO:numexpr.utils:NumExpr defaulting to 2 threads.
INFO:numexpr.utils:NumExpr defaulting to 2 threads.
INFO:numexpr.utils:NumExpr defaulting to 2 threads.
INFO:numexpr.utils:NumExpr defaulting to 2 threads.
INFO:numexpr.utils:NumExpr defaulting to 2 threads.
INFO:numexpr.utils:NumExpr defaulting to 2 threads.
INFO:numexpr.utils:NumExpr defaulting to 2 threads.
INFO:numexpr.utils:NumExpr defaulting to 2 threads.
INFO:numexpr.utils:NumExpr defaulting to 2 threads.
INFO:numexpr.utils:NumExpr defaulting to 2 threads.
INFO:numexpr.utils:NumExpr defaulting to 2 threads.
INFO:root:RUNNING: model on: 2025-06-30 00:59:00
ERROR:root:could not verify read permissions for group and others on landmask.
Traceback (most recent call last):
  File "/home/pdaniel/anaconda3/lib/python3.8/site-packages/opendrift_landmask_data-0.6-py3.8.egg/opendrift_landmask_data/mask.py", line 77, in __check_permissions__
    if not os.stat(self.lockf).st_mode & 0o777 == 0o777:
FileNotFoundError: [Errno 2] No such file or directory: '/tmp/landmask/.mask.dat.lock'
ERROR:root:could not verify read permissions for group and others on landmask.
Traceback (most recent call last):
  File "/home/pdaniel/anaconda3/lib/python3.8/site-packages/opendrift_landmask_data-0.6-py3.8.egg/opendrift_landmask_data/mask.py", line 77, in __check_permissions__
    if not os.stat(self.lockf).st_mode & 0o777 == 0o777:
FileNotFoundError: [Errno 2] No such file or directory: '/tmp/landmask/.mask.dat.lock'
INFO:root:RUNNING: model on: 2025-06-30 11:40:00
ERROR:root:could not verify read permissions for group and others on landmask.
Traceback (most recent call last):
  File "/home/pdaniel/anaconda3/lib/python3.8/site-packages/opendrift_landmask_data-0.6-py3.8.egg/opendrift_landmask_data/mask.py", line 77, in __check_permissions__
    if not os.stat(self.lockf).st_mode & 0o777 == 0o777:
FileNotFoundError: [Errno 2] No such file or directory: '/tmp/landmask/.mask.dat.lock'
ERROR:root:could not verify read permissions for group and others on landmask.
Traceback (most recent call last):
  File "/home/pdaniel/anaconda3/lib/python3.8/site-packages/opendrift_landmask_data-0.6-py3.8.egg/opendrift_landmask_data/mask.py", line 77, in __check_permissions__
    if not os.stat(self.lockf).st_mode & 0o777 == 0o777:
FileNotFoundError: [Errno 2] No such file or directory: '/tmp/landmask/.mask.dat.lock'
INFO:numexpr.utils:NumExpr defaulting to 2 threads.
INFO:root:RUNNING: model on: 2025-07-01 01:39:00
ERROR:root:could not verify read permissions for group and others on landmask.
Traceback (most recent call last):
  File "/home/pdaniel/anaconda3/lib/python3.8/site-packages/opendrift_landmask_data-0.6-py3.8.egg/opendrift_landmask_data/mask.py", line 77, in __check_permissions__
    if not os.stat(self.lockf).st_mode & 0o777 == 0o777:
FileNotFoundError: [Errno 2] No such file or directory: '/tmp/landmask/.mask.dat.lock'
ERROR:root:could not verify read permissions for group and others on landmask.
Traceback (most recent call last):
  File "/home/pdaniel/anaconda3/lib/python3.8/site-packages/opendrift_landmask_data-0.6-py3.8.egg/opendrift_landmask_data/mask.py", line 77, in __check_permissions__
    if not os.stat(self.lockf).st_mode & 0o777 == 0o777:
FileNotFoundError: [Errno 2] No such file or directory: '/tmp/landmask/.mask.dat.lock'
INFO:root:RUNNING: model on: 2025-07-01 12:38:00
ERROR:root:could not verify read permissions for group and others on landmask.
Traceback (most recent call last):
  File "/home/pdaniel/anaconda3/lib/python3.8/site-packages/opendrift_landmask_data-0.6-py3.8.egg/opendrift_landmask_data/mask.py", line 77, in __check_permissions__
    if not os.stat(self.lockf).st_mode & 0o777 == 0o777:
FileNotFoundError: [Errno 2] No such file or directory: '/tmp/landmask/.mask.dat.lock'
ERROR:root:could not verify read permissions for group and others on landmask.
Traceback (most recent call last):
  File "/home/pdaniel/anaconda3/lib/python3.8/site-packages/opendrift_landmask_data-0.6-py3.8.egg/opendrift_landmask_data/mask.py", line 77, in __check_permissions__
    if not os.stat(self.lockf).st_mode & 0o777 == 0o777:
FileNotFoundError: [Errno 2] No such file or directory: '/tmp/landmask/.mask.dat.lock'
INFO:numexpr.utils:NumExpr defaulting to 2 threads.
INFO:root:RUNNING: model on: 2025-07-02 02:18:00
ERROR:root:could not verify read permissions for group and others on landmask.
Traceback (most recent call last):
  File "/home/pdaniel/anaconda3/lib/python3.8/site-packages/opendrift_landmask_data-0.6-py3.8.egg/opendrift_landmask_data/mask.py", line 77, in __check_permissions__
    if not os.stat(self.lockf).st_mode & 0o777 == 0o777:
FileNotFoundError: [Errno 2] No such file or directory: '/tmp/landmask/.mask.dat.lock'
ERROR:root:could not verify read permissions for group and others on landmask.
Traceback (most recent call last):
  File "/home/pdaniel/anaconda3/lib/python3.8/site-packages/opendrift_landmask_data-0.6-py3.8.egg/opendrift_landmask_data/mask.py", line 77, in __check_permissions__
    if not os.stat(self.lockf).st_mode & 0o777 == 0o777:
FileNotFoundError: [Errno 2] No such file or directory: '/tmp/landmask/.mask.dat.lock'
INFO:root:RUNNING: model on: 2025-07-02 13:49:00
ERROR:root:could not verify read permissions for group and others on landmask.
Traceback (most recent call last):
  File "/home/pdaniel/anaconda3/lib/python3.8/site-packages/opendrift_landmask_data-0.6-py3.8.egg/opendrift_landmask_data/mask.py", line 77, in __check_permissions__
    if not os.stat(self.lockf).st_mode & 0o777 == 0o777:
FileNotFoundError: [Errno 2] No such file or directory: '/tmp/landmask/.mask.dat.lock'
ERROR:root:could not verify read permissions for group and others on landmask.
Traceback (most recent call last):
  File "/home/pdaniel/anaconda3/lib/python3.8/site-packages/opendrift_landmask_data-0.6-py3.8.egg/opendrift_landmask_data/mask.py", line 77, in __check_permissions__
    if not os.stat(self.lockf).st_mode & 0o777 == 0o777:
FileNotFoundError: [Errno 2] No such file or directory: '/tmp/landmask/.mask.dat.lock'
INFO:numexpr.utils:NumExpr defaulting to 2 threads.
INFO:root:RUNNING: model on: 2025-07-03 02:55:00
ERROR:root:could not verify read permissions for group and others on landmask.
Traceback (most recent call last):
  File "/home/pdaniel/anaconda3/lib/python3.8/site-packages/opendrift_landmask_data-0.6-py3.8.egg/opendrift_landmask_data/mask.py", line 77, in __check_permissions__
    if not os.stat(self.lockf).st_mode & 0o777 == 0o777:
FileNotFoundError: [Errno 2] No such file or directory: '/tmp/landmask/.mask.dat.lock'
ERROR:root:could not verify read permissions for group and others on landmask.
Traceback (most recent call last):
  File "/home/pdaniel/anaconda3/lib/python3.8/site-packages/opendrift_landmask_data-0.6-py3.8.egg/opendrift_landmask_data/mask.py", line 77, in __check_permissions__
    if not os.stat(self.lockf).st_mode & 0o777 == 0o777:
FileNotFoundError: [Errno 2] No such file or directory: '/tmp/landmask/.mask.dat.lock'
INFO:root:RUNNING: model on: 2025-07-03 15:18:00
ERROR:root:could not verify read permissions for group and others on landmask.
Traceback (most recent call last):
  File "/home/pdaniel/anaconda3/lib/python3.8/site-packages/opendrift_landmask_data-0.6-py3.8.egg/opendrift_landmask_data/mask.py", line 77, in __check_permissions__
    if not os.stat(self.lockf).st_mode & 0o777 == 0o777:
FileNotFoundError: [Errno 2] No such file or directory: '/tmp/landmask/.mask.dat.lock'
ERROR:root:could not verify read permissions for group and others on landmask.
Traceback (most recent call last):
  File "/home/pdaniel/anaconda3/lib/python3.8/site-packages/opendrift_landmask_data-0.6-py3.8.egg/opendrift_landmask_data/mask.py", line 77, in __check_permissions__
    if not os.stat(self.lockf).st_mode & 0o777 == 0o777:
FileNotFoundError: [Errno 2] No such file or directory: '/tmp/landmask/.mask.dat.lock'
INFO:numexpr.utils:NumExpr defaulting to 2 threads.
INFO:root:RUNNING: model on: 2025-07-04 03:32:00
ERROR:root:could not verify read permissions for group and others on landmask.
Traceback (most recent call last):
  File "/home/pdaniel/anaconda3/lib/python3.8/site-packages/opendrift_landmask_data-0.6-py3.8.egg/opendrift_landmask_data/mask.py", line 77, in __check_permissions__
    if not os.stat(self.lockf).st_mode & 0o777 == 0o777:
FileNotFoundError: [Errno 2] No such file or directory: '/tmp/landmask/.mask.dat.lock'
ERROR:root:could not verify read permissions for group and others on landmask.
Traceback (most recent call last):
  File "/home/pdaniel/anaconda3/lib/python3.8/site-packages/opendrift_landmask_data-0.6-py3.8.egg/opendrift_landmask_data/mask.py", line 77, in __check_permissions__
    if not os.stat(self.lockf).st_mode & 0o777 == 0o777:
FileNotFoundError: [Errno 2] No such file or directory: '/tmp/landmask/.mask.dat.lock'
INFO:root:RUNNING: model on: 2025-07-04 16:59:00
ERROR:root:could not verify read permissions for group and others on landmask.
Traceback (most recent call last):
  File "/home/pdaniel/anaconda3/lib/python3.8/site-packages/opendrift_landmask_data-0.6-py3.8.egg/opendrift_landmask_data/mask.py", line 77, in __check_permissions__
    if not os.stat(self.lockf).st_mode & 0o777 == 0o777:
FileNotFoundError: [Errno 2] No such file or directory: '/tmp/landmask/.mask.dat.lock'
ERROR:root:could not verify read permissions for group and others on landmask.
Traceback (most recent call last):
  File "/home/pdaniel/anaconda3/lib/python3.8/site-packages/opendrift_landmask_data-0.6-py3.8.egg/opendrift_landmask_data/mask.py", line 77, in __check_permissions__
    if not os.stat(self.lockf).st_mode & 0o777 == 0o777:
FileNotFoundError: [Errno 2] No such file or directory: '/tmp/landmask/.mask.dat.lock'
INFO:numexpr.utils:NumExpr defaulting to 2 threads.
INFO:root:RUNNING: model on: 2025-07-05 04:09:00
ERROR:root:could not verify read permissions for group and others on landmask.
Traceback (most recent call last):
  File "/home/pdaniel/anaconda3/lib/python3.8/site-packages/opendrift_landmask_data-0.6-py3.8.egg/opendrift_landmask_data/mask.py", line 77, in __check_permissions__
    if not os.stat(self.lockf).st_mode & 0o777 == 0o777:
FileNotFoundError: [Errno 2] No such file or directory: '/tmp/landmask/.mask.dat.lock'
ERROR:root:could not verify read permissions for group and others on landmask.
Traceback (most recent call last):
  File "/home/pdaniel/anaconda3/lib/python3.8/site-packages/opendrift_landmask_data-0.6-py3.8.egg/opendrift_landmask_data/mask.py", line 77, in __check_permissions__
    if not os.stat(self.lockf).st_mode & 0o777 == 0o777:
FileNotFoundError: [Errno 2] No such file or directory: '/tmp/landmask/.mask.dat.lock'
INFO:root:RUNNING: model on: 2025-07-05 18:26:00
ERROR:root:could not verify read permissions for group and others on landmask.
Traceback (most recent call last):
  File "/home/pdaniel/anaconda3/lib/python3.8/site-packages/opendrift_landmask_data-0.6-py3.8.egg/opendrift_landmask_data/mask.py", line 77, in __check_permissions__
    if not os.stat(self.lockf).st_mode & 0o777 == 0o777:
FileNotFoundError: [Errno 2] No such file or directory: '/tmp/landmask/.mask.dat.lock'
ERROR:root:could not verify read permissions for group and others on landmask.
Traceback (most recent call last):
  File "/home/pdaniel/anaconda3/lib/python3.8/site-packages/opendrift_landmask_data-0.6-py3.8.egg/opendrift_landmask_data/mask.py", line 77, in __check_permissions__
    if not os.stat(self.lockf).st_mode & 0o777 == 0o777:
FileNotFoundError: [Errno 2] No such file or directory: '/tmp/landmask/.mask.dat.lock'
INFO:numexpr.utils:NumExpr defaulting to 2 threads.
INFO:root:RUNNING: model on: 2025-07-06 04:47:00
ERROR:root:could not verify read permissions for group and others on landmask.
Traceback (most recent call last):
  File "/home/pdaniel/anaconda3/lib/python3.8/site-packages/opendrift_landmask_data-0.6-py3.8.egg/opendrift_landmask_data/mask.py", line 77, in __check_permissions__
    if not os.stat(self.lockf).st_mode & 0o777 == 0o777:
FileNotFoundError: [Errno 2] No such file or directory: '/tmp/landmask/.mask.dat.lock'
ERROR:root:could not verify read permissions for group and others on landmask.
Traceback (most recent call last):
  File "/home/pdaniel/anaconda3/lib/python3.8/site-packages/opendrift_landmask_data-0.6-py3.8.egg/opendrift_landmask_data/mask.py", line 77, in __check_permissions__
    if not os.stat(self.lockf).st_mode & 0o777 == 0o777:
FileNotFoundError: [Errno 2] No such file or directory: '/tmp/landmask/.mask.dat.lock'
INFO:root:RUNNING: model on: 2025-07-06 19:29:00
ERROR:root:could not verify read permissions for group and others on landmask.
Traceback (most recent call last):
  File "/home/pdaniel/anaconda3/lib/python3.8/site-packages/opendrift_landmask_data-0.6-py3.8.egg/opendrift_landmask_data/mask.py", line 77, in __check_permissions__
    if not os.stat(self.lockf).st_mode & 0o777 == 0o777:
FileNotFoundError: [Errno 2] No such file or directory: '/tmp/landmask/.mask.dat.lock'
ERROR:root:could not verify read permissions for group and others on landmask.
Traceback (most recent call last):
  File "/home/pdaniel/anaconda3/lib/python3.8/site-packages/opendrift_landmask_data-0.6-py3.8.egg/opendrift_landmask_data/mask.py", line 77, in __check_permissions__
    if not os.stat(self.lockf).st_mode & 0o777 == 0o777:
FileNotFoundError: [Errno 2] No such file or directory: '/tmp/landmask/.mask.dat.lock'
INFO:numexpr.utils:NumExpr defaulting to 2 threads.
INFO:root:RUNNING: model on: 2025-07-07 05:26:00
ERROR:root:could not verify read permissions for group and others on landmask.
Traceback (most recent call last):
  File "/home/pdaniel/anaconda3/lib/python3.8/site-packages/opendrift_landmask_data-0.6-py3.8.egg/opendrift_landmask_data/mask.py", line 77, in __check_permissions__
    if not os.stat(self.lockf).st_mode & 0o777 == 0o777:
FileNotFoundError: [Errno 2] No such file or directory: '/tmp/landmask/.mask.dat.lock'
ERROR:root:could not verify read permissions for group and others on landmask.
Traceback (most recent call last):
  File "/home/pdaniel/anaconda3/lib/python3.8/site-packages/opendrift_landmask_data-0.6-py3.8.egg/opendrift_landmask_data/mask.py", line 77, in __check_permissions__
    if not os.stat(self.lockf).st_mode & 0o777 == 0o777:
FileNotFoundError: [Errno 2] No such file or directory: '/tmp/landmask/.mask.dat.lock'
INFO:numexpr.utils:NumExpr defaulting to 2 threads.
INFO:root:RUNNING: model on: 2025-07-07 20:17:00
ERROR:root:could not verify read permissions for group and others on landmask.
Traceback (most recent call last):
  File "/home/pdaniel/anaconda3/lib/python3.8/site-packages/opendrift_landmask_data-0.6-py3.8.egg/opendrift_landmask_data/mask.py", line 77, in __check_permissions__
    if not os.stat(self.lockf).st_mode & 0o777 == 0o777:
FileNotFoundError: [Errno 2] No such file or directory: '/tmp/landmask/.mask.dat.lock'
ERROR:root:could not verify read permissions for group and others on landmask.
Traceback (most recent call last):
  File "/home/pdaniel/anaconda3/lib/python3.8/site-packages/opendrift_landmask_data-0.6-py3.8.egg/opendrift_landmask_data/mask.py", line 77, in __check_permissions__
    if not os.stat(self.lockf).st_mode & 0o777 == 0o777:
FileNotFoundError: [Errno 2] No such file or directory: '/tmp/landmask/.mask.dat.lock'
INFO:root:RUNNING: model on: 2025-07-08 06:07:00
ERROR:root:could not verify read permissions for group and others on landmask.
Traceback (most recent call last):
  File "/home/pdaniel/anaconda3/lib/python3.8/site-packages/opendrift_landmask_data-0.6-py3.8.egg/opendrift_landmask_data/mask.py", line 77, in __check_permissions__
    if not os.stat(self.lockf).st_mode & 0o777 == 0o777:
FileNotFoundError: [Errno 2] No such file or directory: '/tmp/landmask/.mask.dat.lock'
ERROR:root:could not verify read permissions for group and others on landmask.
Traceback (most recent call last):
  File "/home/pdaniel/anaconda3/lib/python3.8/site-packages/opendrift_landmask_data-0.6-py3.8.egg/opendrift_landmask_data/mask.py", line 77, in __check_permissions__
    if not os.stat(self.lockf).st_mode & 0o777 == 0o777:
FileNotFoundError: [Errno 2] No such file or directory: '/tmp/landmask/.mask.dat.lock'
INFO:numexpr.utils:NumExpr defaulting to 2 threads.
INFO:root:RUNNING: model on: 2025-07-08 20:57:00
ERROR:root:could not verify read permissions for group and others on landmask.
Traceback (most recent call last):
  File "/home/pdaniel/anaconda3/lib/python3.8/site-packages/opendrift_landmask_data-0.6-py3.8.egg/opendrift_landmask_data/mask.py", line 77, in __check_permissions__
    if not os.stat(self.lockf).st_mode & 0o777 == 0o777:
FileNotFoundError: [Errno 2] No such file or directory: '/tmp/landmask/.mask.dat.lock'
ERROR:root:could not verify read permissions for group and others on landmask.
Traceback (most recent call last):
  File "/home/pdaniel/anaconda3/lib/python3.8/site-packages/opendrift_landmask_data-0.6-py3.8.egg/opendrift_landmask_data/mask.py", line 77, in __check_permissions__
    if not os.stat(self.lockf).st_mode & 0o777 == 0o777:
FileNotFoundError: [Errno 2] No such file or directory: '/tmp/landmask/.mask.dat.lock'
INFO:root:RUNNING: model on: 2025-07-09 06:48:00
ERROR:root:could not verify read permissions for group and others on landmask.
Traceback (most recent call last):
  File "/home/pdaniel/anaconda3/lib/python3.8/site-packages/opendrift_landmask_data-0.6-py3.8.egg/opendrift_landmask_data/mask.py", line 77, in __check_permissions__
    if not os.stat(self.lockf).st_mode & 0o777 == 0o777:
FileNotFoundError: [Errno 2] No such file or directory: '/tmp/landmask/.mask.dat.lock'
ERROR:root:could not verify read permissions for group and others on landmask.
Traceback (most recent call last):
  File "/home/pdaniel/anaconda3/lib/python3.8/site-packages/opendrift_landmask_data-0.6-py3.8.egg/opendrift_landmask_data/mask.py", line 77, in __check_permissions__
    if not os.stat(self.lockf).st_mode & 0o777 == 0o777:
FileNotFoundError: [Errno 2] No such file or directory: '/tmp/landmask/.mask.dat.lock'
INFO:numexpr.utils:NumExpr defaulting to 2 threads.
INFO:root:RUNNING: model on: 2025-07-09 21:32:00
ERROR:root:could not verify read permissions for group and others on landmask.
Traceback (most recent call last):
  File "/home/pdaniel/anaconda3/lib/python3.8/site-packages/opendrift_landmask_data-0.6-py3.8.egg/opendrift_landmask_data/mask.py", line 77, in __check_permissions__
    if not os.stat(self.lockf).st_mode & 0o777 == 0o777:
FileNotFoundError: [Errno 2] No such file or directory: '/tmp/landmask/.mask.dat.lock'
ERROR:root:could not verify read permissions for group and others on landmask.
Traceback (most recent call last):
  File "/home/pdaniel/anaconda3/lib/python3.8/site-packages/opendrift_landmask_data-0.6-py3.8.egg/opendrift_landmask_data/mask.py", line 77, in __check_permissions__
    if not os.stat(self.lockf).st_mode & 0o777 == 0o777:
FileNotFoundError: [Errno 2] No such file or directory: '/tmp/landmask/.mask.dat.lock'
INFO:root:RUNNING: model on: 2025-07-10 07:29:00
ERROR:root:could not verify read permissions for group and others on landmask.
Traceback (most recent call last):
  File "/home/pdaniel/anaconda3/lib/python3.8/site-packages/opendrift_landmask_data-0.6-py3.8.egg/opendrift_landmask_data/mask.py", line 77, in __check_permissions__
    if not os.stat(self.lockf).st_mode & 0o777 == 0o777:
FileNotFoundError: [Errno 2] No such file or directory: '/tmp/landmask/.mask.dat.lock'
ERROR:root:could not verify read permissions for group and others on landmask.
Traceback (most recent call last):
  File "/home/pdaniel/anaconda3/lib/python3.8/site-packages/opendrift_landmask_data-0.6-py3.8.egg/opendrift_landmask_data/mask.py", line 77, in __check_permissions__
    if not os.stat(self.lockf).st_mode & 0o777 == 0o777:
FileNotFoundError: [Errno 2] No such file or directory: '/tmp/landmask/.mask.dat.lock'
INFO:numexpr.utils:NumExpr defaulting to 2 threads.
INFO:root:RUNNING: model on: 2025-07-10 22:05:00
ERROR:root:could not verify read permissions for group and others on landmask.
Traceback (most recent call last):
  File "/home/pdaniel/anaconda3/lib/python3.8/site-packages/opendrift_landmask_data-0.6-py3.8.egg/opendrift_landmask_data/mask.py", line 77, in __check_permissions__
    if not os.stat(self.lockf).st_mode & 0o777 == 0o777:
FileNotFoundError: [Errno 2] No such file or directory: '/tmp/landmask/.mask.dat.lock'
ERROR:root:could not verify read permissions for group and others on landmask.
Traceback (most recent call last):
  File "/home/pdaniel/anaconda3/lib/python3.8/site-packages/opendrift_landmask_data-0.6-py3.8.egg/opendrift_landmask_data/mask.py", line 77, in __check_permissions__
    if not os.stat(self.lockf).st_mode & 0o777 == 0o777:
FileNotFoundError: [Errno 2] No such file or directory: '/tmp/landmask/.mask.dat.lock'
INFO:root:RUNNING: model on: 2025-07-11 08:10:00
ERROR:root:could not verify read permissions for group and others on landmask.
Traceback (most recent call last):
  File "/home/pdaniel/anaconda3/lib/python3.8/site-packages/opendrift_landmask_data-0.6-py3.8.egg/opendrift_landmask_data/mask.py", line 77, in __check_permissions__
    if not os.stat(self.lockf).st_mode & 0o777 == 0o777:
FileNotFoundError: [Errno 2] No such file or directory: '/tmp/landmask/.mask.dat.lock'
ERROR:root:could not verify read permissions for group and others on landmask.
Traceback (most recent call last):
  File "/home/pdaniel/anaconda3/lib/python3.8/site-packages/opendrift_landmask_data-0.6-py3.8.egg/opendrift_landmask_data/mask.py", line 77, in __check_permissions__
    if not os.stat(self.lockf).st_mode & 0o777 == 0o777:
FileNotFoundError: [Errno 2] No such file or directory: '/tmp/landmask/.mask.dat.lock'
INFO:numexpr.utils:NumExpr defaulting to 2 threads.
INFO:root:RUNNING: model on: 2025-07-11 22:37:00
ERROR:root:could not verify read permissions for group and others on landmask.
Traceback (most recent call last):
  File "/home/pdaniel/anaconda3/lib/python3.8/site-packages/opendrift_landmask_data-0.6-py3.8.egg/opendrift_landmask_data/mask.py", line 77, in __check_permissions__
    if not os.stat(self.lockf).st_mode & 0o777 == 0o777:
FileNotFoundError: [Errno 2] No such file or directory: '/tmp/landmask/.mask.dat.lock'
ERROR:root:could not verify read permissions for group and others on landmask.
Traceback (most recent call last):
  File "/home/pdaniel/anaconda3/lib/python3.8/site-packages/opendrift_landmask_data-0.6-py3.8.egg/opendrift_landmask_data/mask.py", line 77, in __check_permissions__
    if not os.stat(self.lockf).st_mode & 0o777 == 0o777:
FileNotFoundError: [Errno 2] No such file or directory: '/tmp/landmask/.mask.dat.lock'
INFO:root:RUNNING: model on: 2025-07-12 08:51:00
ERROR:root:could not verify read permissions for group and others on landmask.
Traceback (most recent call last):
  File "/home/pdaniel/anaconda3/lib/python3.8/site-packages/opendrift_landmask_data-0.6-py3.8.egg/opendrift_landmask_data/mask.py", line 77, in __check_permissions__
    if not os.stat(self.lockf).st_mode & 0o777 == 0o777:
FileNotFoundError: [Errno 2] No such file or directory: '/tmp/landmask/.mask.dat.lock'
ERROR:root:could not verify read permissions for group and others on landmask.
Traceback (most recent call last):
  File "/home/pdaniel/anaconda3/lib/python3.8/site-packages/opendrift_landmask_data-0.6-py3.8.egg/opendrift_landmask_data/mask.py", line 77, in __check_permissions__
    if not os.stat(self.lockf).st_mode & 0o777 == 0o777:
FileNotFoundError: [Errno 2] No such file or directory: '/tmp/landmask/.mask.dat.lock'
INFO:numexpr.utils:NumExpr defaulting to 2 threads.
INFO:root:RUNNING: model on: 2025-07-12 23:09:00
INFO:root:RUNNING: model on: 2025-07-13 09:33:00
INFO:numexpr.utils:NumExpr defaulting to 2 threads.
INFO:root:RUNNING: model on: 2025-07-13 23:41:00
INFO:root:RUNNING: model on: 2025-07-14 10:19:00
INFO:numexpr.utils:NumExpr defaulting to 2 threads.
INFO:root:RUNNING: model on: 2025-07-15 00:14:00
INFO:root:RUNNING: model on: 2025-07-15 11:10:00
INFO:numexpr.utils:NumExpr defaulting to 2 threads.
INFO:root:RUNNING: model on: 2025-07-16 00:48:00
INFO:root:RUNNING: model on: 2025-07-16 12:11:00
INFO:numexpr.utils:NumExpr defaulting to 2 threads.
INFO:root:RUNNING: model on: 2025-07-17 01:25:00
INFO:root:RUNNING: model on: 2025-07-17 13:27:00
INFO:numexpr.utils:NumExpr defaulting to 2 threads.
INFO:root:RUNNING: model on: 2025-07-18 02:06:00
INFO:root:RUNNING: model on: 2025-07-18 15:02:00
INFO:numexpr.utils:NumExpr defaulting to 2 threads.
INFO:root:RUNNING: model on: 2025-07-19 02:51:00
INFO:root:RUNNING: model on: 2025-07-19 16:47:00
INFO:numexpr.utils:NumExpr defaulting to 2 threads.
INFO:root:RUNNING: model on: 2025-07-20 03:42:00
INFO:root:RUNNING: model on: 2025-07-20 18:16:00
INFO:numexpr.utils:NumExpr defaulting to 2 threads.
INFO:root:RUNNING: model on: 2025-07-21 04:37:00
INFO:root:RUNNING: model on: 2025-07-21 19:22:00
INFO:numexpr.utils:NumExpr defaulting to 2 threads.
INFO:root:RUNNING: model on: 2025-07-22 05:32:00
INFO:numexpr.utils:NumExpr defaulting to 2 threads.
INFO:root:RUNNING: model on: 2025-07-22 20:14:00
ERROR:root:could not verify read permissions for group and others on landmask.
Traceback (most recent call last):
  File "/home/pdaniel/anaconda3/lib/python3.8/site-packages/opendrift_landmask_data-0.6-py3.8.egg/opendrift_landmask_data/mask.py", line 77, in __check_permissions__
    if not os.stat(self.lockf).st_mode & 0o777 == 0o777:
FileNotFoundError: [Errno 2] No such file or directory: '/tmp/landmask/.mask.dat.lock'
ERROR:root:could not verify read permissions for group and others on landmask.
Traceback (most recent call last):
  File "/home/pdaniel/anaconda3/lib/python3.8/site-packages/opendrift_landmask_data-0.6-py3.8.egg/opendrift_landmask_data/mask.py", line 77, in __check_permissions__
    if not os.stat(self.lockf).st_mode & 0o777 == 0o777:
FileNotFoundError: [Errno 2] No such file or directory: '/tmp/landmask/.mask.dat.lock'
INFO:root:RUNNING: model on: 2025-07-23 06:27:00
ERROR:root:could not verify read permissions for group and others on landmask.
Traceback (most recent call last):
  File "/home/pdaniel/anaconda3/lib/python3.8/site-packages/opendrift_landmask_data-0.6-py3.8.egg/opendrift_landmask_data/mask.py", line 77, in __check_permissions__
    if not os.stat(self.lockf).st_mode & 0o777 == 0o777:
FileNotFoundError: [Errno 2] No such file or directory: '/tmp/landmask/.mask.dat.lock'
ERROR:root:could not verify read permissions for group and others on landmask.
Traceback (most recent call last):
  File "/home/pdaniel/anaconda3/lib/python3.8/site-packages/opendrift_landmask_data-0.6-py3.8.egg/opendrift_landmask_data/mask.py", line 77, in __check_permissions__
    if not os.stat(self.lockf).st_mode & 0o777 == 0o777:
FileNotFoundError: [Errno 2] No such file or directory: '/tmp/landmask/.mask.dat.lock'
INFO:numexpr.utils:NumExpr defaulting to 2 threads.
INFO:root:RUNNING: model on: 2025-07-23 20:59:00
ERROR:root:could not verify read permissions for group and others on landmask.
Traceback (most recent call last):
  File "/home/pdaniel/anaconda3/lib/python3.8/site-packages/opendrift_landmask_data-0.6-py3.8.egg/opendrift_landmask_data/mask.py", line 77, in __check_permissions__
    if not os.stat(self.lockf).st_mode & 0o777 == 0o777:
FileNotFoundError: [Errno 2] No such file or directory: '/tmp/landmask/.mask.dat.lock'
ERROR:root:could not verify read permissions for group and others on landmask.
Traceback (most recent call last):
  File "/home/pdaniel/anaconda3/lib/python3.8/site-packages/opendrift_landmask_data-0.6-py3.8.egg/opendrift_landmask_data/mask.py", line 77, in __check_permissions__
    if not os.stat(self.lockf).st_mode & 0o777 == 0o777:
FileNotFoundError: [Errno 2] No such file or directory: '/tmp/landmask/.mask.dat.lock'
INFO:root:RUNNING: model on: 2025-07-24 07:20:00
ERROR:root:could not verify read permissions for group and others on landmask.
Traceback (most recent call last):
  File "/home/pdaniel/anaconda3/lib/python3.8/site-packages/opendrift_landmask_data-0.6-py3.8.egg/opendrift_landmask_data/mask.py", line 77, in __check_permissions__
    if not os.stat(self.lockf).st_mode & 0o777 == 0o777:
FileNotFoundError: [Errno 2] No such file or directory: '/tmp/landmask/.mask.dat.lock'
ERROR:root:could not verify read permissions for group and others on landmask.
Traceback (most recent call last):
  File "/home/pdaniel/anaconda3/lib/python3.8/site-packages/opendrift_landmask_data-0.6-py3.8.egg/opendrift_landmask_data/mask.py", line 77, in __check_permissions__
    if not os.stat(self.lockf).st_mode & 0o777 == 0o777:
FileNotFoundError: [Errno 2] No such file or directory: '/tmp/landmask/.mask.dat.lock'
INFO:numexpr.utils:NumExpr defaulting to 2 threads.
INFO:root:RUNNING: model on: 2025-07-25 22:19:00
ERROR:root:could not verify read permissions for group and others on landmask.
Traceback (most recent call last):
  File "/home/pdaniel/anaconda3/lib/python3.8/site-packages/opendrift_landmask_data-0.6-py3.8.egg/opendrift_landmask_data/mask.py", line 77, in __check_permissions__
    if not os.stat(self.lockf).st_mode & 0o777 == 0o777:
FileNotFoundError: [Errno 2] No such file or directory: '/tmp/landmask/.mask.dat.lock'
ERROR:root:could not verify read permissions for group and others on landmask.
Traceback (most recent call last):
  File "/home/pdaniel/anaconda3/lib/python3.8/site-packages/opendrift_landmask_data-0.6-py3.8.egg/opendrift_landmask_data/mask.py", line 77, in __check_permissions__
    if not os.stat(self.lockf).st_mode & 0o777 == 0o777:
FileNotFoundError: [Errno 2] No such file or directory: '/tmp/landmask/.mask.dat.lock'
INFO:root:RUNNING: model on: 2025-07-26 08:58:00
ERROR:root:could not verify read permissions for group and others on landmask.
Traceback (most recent call last):
  File "/home/pdaniel/anaconda3/lib/python3.8/site-packages/opendrift_landmask_data-0.6-py3.8.egg/opendrift_landmask_data/mask.py", line 77, in __check_permissions__
    if not os.stat(self.lockf).st_mode & 0o777 == 0o777:
FileNotFoundError: [Errno 2] No such file or directory: '/tmp/landmask/.mask.dat.lock'
ERROR:root:could not verify read permissions for group and others on landmask.
Traceback (most recent call last):
  File "/home/pdaniel/anaconda3/lib/python3.8/site-packages/opendrift_landmask_data-0.6-py3.8.egg/opendrift_landmask_data/mask.py", line 77, in __check_permissions__
    if not os.stat(self.lockf).st_mode & 0o777 == 0o777:
FileNotFoundError: [Errno 2] No such file or directory: '/tmp/landmask/.mask.dat.lock'
INFO:numexpr.utils:NumExpr defaulting to 2 threads.
INFO:root:RUNNING: model on: 2025-07-26 22:55:00
ERROR:root:could not verify read permissions for group and others on landmask.
Traceback (most recent call last):
  File "/home/pdaniel/anaconda3/lib/python3.8/site-packages/opendrift_landmask_data-0.6-py3.8.egg/opendrift_landmask_data/mask.py", line 77, in __check_permissions__
    if not os.stat(self.lockf).st_mode & 0o777 == 0o777:
FileNotFoundError: [Errno 2] No such file or directory: '/tmp/landmask/.mask.dat.lock'
ERROR:root:could not verify read permissions for group and others on landmask.
Traceback (most recent call last):
  File "/home/pdaniel/anaconda3/lib/python3.8/site-packages/opendrift_landmask_data-0.6-py3.8.egg/opendrift_landmask_data/mask.py", line 77, in __check_permissions__
    if not os.stat(self.lockf).st_mode & 0o777 == 0o777:
FileNotFoundError: [Errno 2] No such file or directory: '/tmp/landmask/.mask.dat.lock'
INFO:root:RUNNING: model on: 2025-07-27 09:44:00
ERROR:root:could not verify read permissions for group and others on landmask.
Traceback (most recent call last):
  File "/home/pdaniel/anaconda3/lib/python3.8/site-packages/opendrift_landmask_data-0.6-py3.8.egg/opendrift_landmask_data/mask.py", line 77, in __check_permissions__
    if not os.stat(self.lockf).st_mode & 0o777 == 0o777:
FileNotFoundError: [Errno 2] No such file or directory: '/tmp/landmask/.mask.dat.lock'
ERROR:root:could not verify read permissions for group and others on landmask.
Traceback (most recent call last):
  File "/home/pdaniel/anaconda3/lib/python3.8/site-packages/opendrift_landmask_data-0.6-py3.8.egg/opendrift_landmask_data/mask.py", line 77, in __check_permissions__
    if not os.stat(self.lockf).st_mode & 0o777 == 0o777:
FileNotFoundError: [Errno 2] No such file or directory: '/tmp/landmask/.mask.dat.lock'
INFO:numexpr.utils:NumExpr defaulting to 2 threads.
INFO:root:RUNNING: model on: 2025-07-27 23:29:00
ERROR:root:could not verify read permissions for group and others on landmask.
Traceback (most recent call last):
  File "/home/pdaniel/anaconda3/lib/python3.8/site-packages/opendrift_landmask_data-0.6-py3.8.egg/opendrift_landmask_data/mask.py", line 77, in __check_permissions__
    if not os.stat(self.lockf).st_mode & 0o777 == 0o777:
FileNotFoundError: [Errno 2] No such file or directory: '/tmp/landmask/.mask.dat.lock'
ERROR:root:could not verify read permissions for group and others on landmask.
Traceback (most recent call last):
  File "/home/pdaniel/anaconda3/lib/python3.8/site-packages/opendrift_landmask_data-0.6-py3.8.egg/opendrift_landmask_data/mask.py", line 77, in __check_permissions__
    if not os.stat(self.lockf).st_mode & 0o777 == 0o777:
FileNotFoundError: [Errno 2] No such file or directory: '/tmp/landmask/.mask.dat.lock'
INFO:root:RUNNING: model on: 2025-07-28 10:30:00
ERROR:root:could not verify read permissions for group and others on landmask.
Traceback (most recent call last):
  File "/home/pdaniel/anaconda3/lib/python3.8/site-packages/opendrift_landmask_data-0.6-py3.8.egg/opendrift_landmask_data/mask.py", line 77, in __check_permissions__
    if not os.stat(self.lockf).st_mode & 0o777 == 0o777:
FileNotFoundError: [Errno 2] No such file or directory: '/tmp/landmask/.mask.dat.lock'
ERROR:root:could not verify read permissions for group and others on landmask.
Traceback (most recent call last):
  File "/home/pdaniel/anaconda3/lib/python3.8/site-packages/opendrift_landmask_data-0.6-py3.8.egg/opendrift_landmask_data/mask.py", line 77, in __check_permissions__
    if not os.stat(self.lockf).st_mode & 0o777 == 0o777:
FileNotFoundError: [Errno 2] No such file or directory: '/tmp/landmask/.mask.dat.lock'
INFO:numexpr.utils:NumExpr defaulting to 2 threads.
INFO:root:RUNNING: model on: 2025-07-29 00:02:00
ERROR:root:could not verify read permissions for group and others on landmask.
Traceback (most recent call last):
  File "/home/pdaniel/anaconda3/lib/python3.8/site-packages/opendrift_landmask_data-0.6-py3.8.egg/opendrift_landmask_data/mask.py", line 77, in __check_permissions__
    if not os.stat(self.lockf).st_mode & 0o777 == 0o777:
FileNotFoundError: [Errno 2] No such file or directory: '/tmp/landmask/.mask.dat.lock'
ERROR:root:could not verify read permissions for group and others on landmask.
Traceback (most recent call last):
  File "/home/pdaniel/anaconda3/lib/python3.8/site-packages/opendrift_landmask_data-0.6-py3.8.egg/opendrift_landmask_data/mask.py", line 77, in __check_permissions__
    if not os.stat(self.lockf).st_mode & 0o777 == 0o777:
FileNotFoundError: [Errno 2] No such file or directory: '/tmp/landmask/.mask.dat.lock'
INFO:root:RUNNING: model on: 2025-07-29 11:19:00
ERROR:root:could not verify read permissions for group and others on landmask.
Traceback (most recent call last):
  File "/home/pdaniel/anaconda3/lib/python3.8/site-packages/opendrift_landmask_data-0.6-py3.8.egg/opendrift_landmask_data/mask.py", line 77, in __check_permissions__
    if not os.stat(self.lockf).st_mode & 0o777 == 0o777:
FileNotFoundError: [Errno 2] No such file or directory: '/tmp/landmask/.mask.dat.lock'
ERROR:root:could not verify read permissions for group and others on landmask.
Traceback (most recent call last):
  File "/home/pdaniel/anaconda3/lib/python3.8/site-packages/opendrift_landmask_data-0.6-py3.8.egg/opendrift_landmask_data/mask.py", line 77, in __check_permissions__
    if not os.stat(self.lockf).st_mode & 0o777 == 0o777:
FileNotFoundError: [Errno 2] No such file or directory: '/tmp/landmask/.mask.dat.lock'
INFO:numexpr.utils:NumExpr defaulting to 2 threads.
INFO:root:RUNNING: model on: 2025-07-30 00:33:00
ERROR:root:could not verify read permissions for group and others on landmask.
Traceback (most recent call last):
  File "/home/pdaniel/anaconda3/lib/python3.8/site-packages/opendrift_landmask_data-0.6-py3.8.egg/opendrift_landmask_data/mask.py", line 77, in __check_permissions__
    if not os.stat(self.lockf).st_mode & 0o777 == 0o777:
FileNotFoundError: [Errno 2] No such file or directory: '/tmp/landmask/.mask.dat.lock'
ERROR:root:could not verify read permissions for group and others on landmask.
Traceback (most recent call last):
  File "/home/pdaniel/anaconda3/lib/python3.8/site-packages/opendrift_landmask_data-0.6-py3.8.egg/opendrift_landmask_data/mask.py", line 77, in __check_permissions__
    if not os.stat(self.lockf).st_mode & 0o777 == 0o777:
FileNotFoundError: [Errno 2] No such file or directory: '/tmp/landmask/.mask.dat.lock'
INFO:root:RUNNING: model on: 2025-07-30 12:14:00
ERROR:root:could not verify read permissions for group and others on landmask.
Traceback (most recent call last):
  File "/home/pdaniel/anaconda3/lib/python3.8/site-packages/opendrift_landmask_data-0.6-py3.8.egg/opendrift_landmask_data/mask.py", line 77, in __check_permissions__
    if not os.stat(self.lockf).st_mode & 0o777 == 0o777:
FileNotFoundError: [Errno 2] No such file or directory: '/tmp/landmask/.mask.dat.lock'
ERROR:root:could not verify read permissions for group and others on landmask.
Traceback (most recent call last):
  File "/home/pdaniel/anaconda3/lib/python3.8/site-packages/opendrift_landmask_data-0.6-py3.8.egg/opendrift_landmask_data/mask.py", line 77, in __check_permissions__
    if not os.stat(self.lockf).st_mode & 0o777 == 0o777:
FileNotFoundError: [Errno 2] No such file or directory: '/tmp/landmask/.mask.dat.lock'
INFO:numexpr.utils:NumExpr defaulting to 2 threads.
INFO:root:RUNNING: model on: 2025-07-31 01:06:00
ERROR:root:could not verify read permissions for group and others on landmask.
Traceback (most recent call last):
  File "/home/pdaniel/anaconda3/lib/python3.8/site-packages/opendrift_landmask_data-0.6-py3.8.egg/opendrift_landmask_data/mask.py", line 77, in __check_permissions__
    if not os.stat(self.lockf).st_mode & 0o777 == 0o777:
FileNotFoundError: [Errno 2] No such file or directory: '/tmp/landmask/.mask.dat.lock'
ERROR:root:could not verify read permissions for group and others on landmask.
Traceback (most recent call last):
  File "/home/pdaniel/anaconda3/lib/python3.8/site-packages/opendrift_landmask_data-0.6-py3.8.egg/opendrift_landmask_data/mask.py", line 77, in __check_permissions__
    if not os.stat(self.lockf).st_mode & 0o777 == 0o777:
FileNotFoundError: [Errno 2] No such file or directory: '/tmp/landmask/.mask.dat.lock'
INFO:root:RUNNING: model on: 2025-07-31 13:22:00
ERROR:root:could not verify read permissions for group and others on landmask.
Traceback (most recent call last):
  File "/home/pdaniel/anaconda3/lib/python3.8/site-packages/opendrift_landmask_data-0.6-py3.8.egg/opendrift_landmask_data/mask.py", line 77, in __check_permissions__
    if not os.stat(self.lockf).st_mode & 0o777 == 0o777:
FileNotFoundError: [Errno 2] No such file or directory: '/tmp/landmask/.mask.dat.lock'
ERROR:root:could not verify read permissions for group and others on landmask.
Traceback (most recent call last):
  File "/home/pdaniel/anaconda3/lib/python3.8/site-packages/opendrift_landmask_data-0.6-py3.8.egg/opendrift_landmask_data/mask.py", line 77, in __check_permissions__
    if not os.stat(self.lockf).st_mode & 0o777 == 0o777:
FileNotFoundError: [Errno 2] No such file or directory: '/tmp/landmask/.mask.dat.lock'
INFO:numexpr.utils:NumExpr defaulting to 2 threads.
INFO:root:RUNNING: model on: 2025-08-01 01:41:00
ERROR:root:could not verify read permissions for group and others on landmask.
Traceback (most recent call last):
  File "/home/pdaniel/anaconda3/lib/python3.8/site-packages/opendrift_landmask_data-0.6-py3.8.egg/opendrift_landmask_data/mask.py", line 77, in __check_permissions__
    if not os.stat(self.lockf).st_mode & 0o777 == 0o777:
FileNotFoundError: [Errno 2] No such file or directory: '/tmp/landmask/.mask.dat.lock'
ERROR:root:could not verify read permissions for group and others on landmask.
Traceback (most recent call last):
  File "/home/pdaniel/anaconda3/lib/python3.8/site-packages/opendrift_landmask_data-0.6-py3.8.egg/opendrift_landmask_data/mask.py", line 77, in __check_permissions__
    if not os.stat(self.lockf).st_mode & 0o777 == 0o777:
FileNotFoundError: [Errno 2] No such file or directory: '/tmp/landmask/.mask.dat.lock'
INFO:root:RUNNING: model on: 2025-08-01 14:56:00
ERROR:root:could not verify read permissions for group and others on landmask.
Traceback (most recent call last):
  File "/home/pdaniel/anaconda3/lib/python3.8/site-packages/opendrift_landmask_data-0.6-py3.8.egg/opendrift_landmask_data/mask.py", line 77, in __check_permissions__
    if not os.stat(self.lockf).st_mode & 0o777 == 0o777:
FileNotFoundError: [Errno 2] No such file or directory: '/tmp/landmask/.mask.dat.lock'
ERROR:root:could not verify read permissions for group and others on landmask.
Traceback (most recent call last):
  File "/home/pdaniel/anaconda3/lib/python3.8/site-packages/opendrift_landmask_data-0.6-py3.8.egg/opendrift_landmask_data/mask.py", line 77, in __check_permissions__
    if not os.stat(self.lockf).st_mode & 0o777 == 0o777:
FileNotFoundError: [Errno 2] No such file or directory: '/tmp/landmask/.mask.dat.lock'
INFO:numexpr.utils:NumExpr defaulting to 2 threads.
INFO:root:RUNNING: model on: 2025-08-02 02:21:00
ERROR:root:could not verify read permissions for group and others on landmask.
Traceback (most recent call last):
  File "/home/pdaniel/anaconda3/lib/python3.8/site-packages/opendrift_landmask_data-0.6-py3.8.egg/opendrift_landmask_data/mask.py", line 77, in __check_permissions__
    if not os.stat(self.lockf).st_mode & 0o777 == 0o777:
FileNotFoundError: [Errno 2] No such file or directory: '/tmp/landmask/.mask.dat.lock'
ERROR:root:could not verify read permissions for group and others on landmask.
Traceback (most recent call last):
  File "/home/pdaniel/anaconda3/lib/python3.8/site-packages/opendrift_landmask_data-0.6-py3.8.egg/opendrift_landmask_data/mask.py", line 77, in __check_permissions__
    if not os.stat(self.lockf).st_mode & 0o777 == 0o777:
FileNotFoundError: [Errno 2] No such file or directory: '/tmp/landmask/.mask.dat.lock'
INFO:root:RUNNING: model on: 2025-08-02 16:54:00
ERROR:root:could not verify read permissions for group and others on landmask.
Traceback (most recent call last):
  File "/home/pdaniel/anaconda3/lib/python3.8/site-packages/opendrift_landmask_data-0.6-py3.8.egg/opendrift_landmask_data/mask.py", line 77, in __check_permissions__
    if not os.stat(self.lockf).st_mode & 0o777 == 0o777:
FileNotFoundError: [Errno 2] No such file or directory: '/tmp/landmask/.mask.dat.lock'
ERROR:root:could not verify read permissions for group and others on landmask.
Traceback (most recent call last):
  File "/home/pdaniel/anaconda3/lib/python3.8/site-packages/opendrift_landmask_data-0.6-py3.8.egg/opendrift_landmask_data/mask.py", line 77, in __check_permissions__
    if not os.stat(self.lockf).st_mode & 0o777 == 0o777:
FileNotFoundError: [Errno 2] No such file or directory: '/tmp/landmask/.mask.dat.lock'
INFO:numexpr.utils:NumExpr defaulting to 2 threads.
INFO:root:RUNNING: model on: 2025-08-03 03:08:00
ERROR:root:could not verify read permissions for group and others on landmask.
Traceback (most recent call last):
  File "/home/pdaniel/anaconda3/lib/python3.8/site-packages/opendrift_landmask_data-0.6-py3.8.egg/opendrift_landmask_data/mask.py", line 77, in __check_permissions__
    if not os.stat(self.lockf).st_mode & 0o777 == 0o777:
FileNotFoundError: [Errno 2] No such file or directory: '/tmp/landmask/.mask.dat.lock'
ERROR:root:could not verify read permissions for group and others on landmask.
Traceback (most recent call last):
  File "/home/pdaniel/anaconda3/lib/python3.8/site-packages/opendrift_landmask_data-0.6-py3.8.egg/opendrift_landmask_data/mask.py", line 77, in __check_permissions__
    if not os.stat(self.lockf).st_mode & 0o777 == 0o777:
FileNotFoundError: [Errno 2] No such file or directory: '/tmp/landmask/.mask.dat.lock'
INFO:root:RUNNING: model on: 2025-08-03 18:22:00
ERROR:root:could not verify read permissions for group and others on landmask.
Traceback (most recent call last):
  File "/home/pdaniel/anaconda3/lib/python3.8/site-packages/opendrift_landmask_data-0.6-py3.8.egg/opendrift_landmask_data/mask.py", line 77, in __check_permissions__
    if not os.stat(self.lockf).st_mode & 0o777 == 0o777:
FileNotFoundError: [Errno 2] No such file or directory: '/tmp/landmask/.mask.dat.lock'
ERROR:root:could not verify read permissions for group and others on landmask.
Traceback (most recent call last):
  File "/home/pdaniel/anaconda3/lib/python3.8/site-packages/opendrift_landmask_data-0.6-py3.8.egg/opendrift_landmask_data/mask.py", line 77, in __check_permissions__
    if not os.stat(self.lockf).st_mode & 0o777 == 0o777:
FileNotFoundError: [Errno 2] No such file or directory: '/tmp/landmask/.mask.dat.lock'
INFO:numexpr.utils:NumExpr defaulting to 2 threads.
INFO:root:RUNNING: model on: 2025-08-04 03:59:00
ERROR:root:could not verify read permissions for group and others on landmask.
Traceback (most recent call last):
  File "/home/pdaniel/anaconda3/lib/python3.8/site-packages/opendrift_landmask_data-0.6-py3.8.egg/opendrift_landmask_data/mask.py", line 77, in __check_permissions__
    if not os.stat(self.lockf).st_mode & 0o777 == 0o777:
FileNotFoundError: [Errno 2] No such file or directory: '/tmp/landmask/.mask.dat.lock'
ERROR:root:could not verify read permissions for group and others on landmask.
Traceback (most recent call last):
  File "/home/pdaniel/anaconda3/lib/python3.8/site-packages/opendrift_landmask_data-0.6-py3.8.egg/opendrift_landmask_data/mask.py", line 77, in __check_permissions__
    if not os.stat(self.lockf).st_mode & 0o777 == 0o777:
FileNotFoundError: [Errno 2] No such file or directory: '/tmp/landmask/.mask.dat.lock'
INFO:root:RUNNING: model on: 2025-08-04 19:14:00
ERROR:root:could not verify read permissions for group and others on landmask.
Traceback (most recent call last):
  File "/home/pdaniel/anaconda3/lib/python3.8/site-packages/opendrift_landmask_data-0.6-py3.8.egg/opendrift_landmask_data/mask.py", line 77, in __check_permissions__
    if not os.stat(self.lockf).st_mode & 0o777 == 0o777:
FileNotFoundError: [Errno 2] No such file or directory: '/tmp/landmask/.mask.dat.lock'
ERROR:root:could not verify read permissions for group and others on landmask.
Traceback (most recent call last):
  File "/home/pdaniel/anaconda3/lib/python3.8/site-packages/opendrift_landmask_data-0.6-py3.8.egg/opendrift_landmask_data/mask.py", line 77, in __check_permissions__
    if not os.stat(self.lockf).st_mode & 0o777 == 0o777:
FileNotFoundError: [Errno 2] No such file or directory: '/tmp/landmask/.mask.dat.lock'
INFO:numexpr.utils:NumExpr defaulting to 2 threads.
INFO:root:RUNNING: model on: 2025-08-05 04:52:00
ERROR:root:could not verify read permissions for group and others on landmask.
Traceback (most recent call last):
  File "/home/pdaniel/anaconda3/lib/python3.8/site-packages/opendrift_landmask_data-0.6-py3.8.egg/opendrift_landmask_data/mask.py", line 77, in __check_permissions__
    if not os.stat(self.lockf).st_mode & 0o777 == 0o777:
FileNotFoundError: [Errno 2] No such file or directory: '/tmp/landmask/.mask.dat.lock'
ERROR:root:could not verify read permissions for group and others on landmask.
Traceback (most recent call last):
  File "/home/pdaniel/anaconda3/lib/python3.8/site-packages/opendrift_landmask_data-0.6-py3.8.egg/opendrift_landmask_data/mask.py", line 77, in __check_permissions__
    if not os.stat(self.lockf).st_mode & 0o777 == 0o777:
FileNotFoundError: [Errno 2] No such file or directory: '/tmp/landmask/.mask.dat.lock'
INFO:numexpr.utils:NumExpr defaulting to 2 threads.
INFO:root:RUNNING: model on: 2025-08-05 19:52:00
ERROR:root:could not verify read permissions for group and others on landmask.
Traceback (most recent call last):
  File "/home/pdaniel/anaconda3/lib/python3.8/site-packages/opendrift_landmask_data-0.6-py3.8.egg/opendrift_landmask_data/mask.py", line 77, in __check_permissions__
    if not os.stat(self.lockf).st_mode & 0o777 == 0o777:
FileNotFoundError: [Errno 2] No such file or directory: '/tmp/landmask/.mask.dat.lock'
ERROR:root:could not verify read permissions for group and others on landmask.
Traceback (most recent call last):
  File "/home/pdaniel/anaconda3/lib/python3.8/site-packages/opendrift_landmask_data-0.6-py3.8.egg/opendrift_landmask_data/mask.py", line 77, in __check_permissions__
    if not os.stat(self.lockf).st_mode & 0o777 == 0o777:
FileNotFoundError: [Errno 2] No such file or directory: '/tmp/landmask/.mask.dat.lock'
INFO:root:RUNNING: model on: 2025-08-06 05:41:00
ERROR:root:could not verify read permissions for group and others on landmask.
Traceback (most recent call last):
  File "/home/pdaniel/anaconda3/lib/python3.8/site-packages/opendrift_landmask_data-0.6-py3.8.egg/opendrift_landmask_data/mask.py", line 77, in __check_permissions__
    if not os.stat(self.lockf).st_mode & 0o777 == 0o777:
FileNotFoundError: [Errno 2] No such file or directory: '/tmp/landmask/.mask.dat.lock'
ERROR:root:could not verify read permissions for group and others on landmask.
Traceback (most recent call last):
  File "/home/pdaniel/anaconda3/lib/python3.8/site-packages/opendrift_landmask_data-0.6-py3.8.egg/opendrift_landmask_data/mask.py", line 77, in __check_permissions__
    if not os.stat(self.lockf).st_mode & 0o777 == 0o777:
FileNotFoundError: [Errno 2] No such file or directory: '/tmp/landmask/.mask.dat.lock'
INFO:numexpr.utils:NumExpr defaulting to 2 threads.
INFO:root:RUNNING: model on: 2025-08-06 20:24:00
ERROR:root:could not verify read permissions for group and others on landmask.
Traceback (most recent call last):
  File "/home/pdaniel/anaconda3/lib/python3.8/site-packages/opendrift_landmask_data-0.6-py3.8.egg/opendrift_landmask_data/mask.py", line 77, in __check_permissions__
    if not os.stat(self.lockf).st_mode & 0o777 == 0o777:
FileNotFoundError: [Errno 2] No such file or directory: '/tmp/landmask/.mask.dat.lock'
ERROR:root:could not verify read permissions for group and others on landmask.
Traceback (most recent call last):
  File "/home/pdaniel/anaconda3/lib/python3.8/site-packages/opendrift_landmask_data-0.6-py3.8.egg/opendrift_landmask_data/mask.py", line 77, in __check_permissions__
    if not os.stat(self.lockf).st_mode & 0o777 == 0o777:
FileNotFoundError: [Errno 2] No such file or directory: '/tmp/landmask/.mask.dat.lock'
INFO:root:RUNNING: model on: 2025-08-07 06:28:00
ERROR:root:could not verify read permissions for group and others on landmask.
Traceback (most recent call last):
  File "/home/pdaniel/anaconda3/lib/python3.8/site-packages/opendrift_landmask_data-0.6-py3.8.egg/opendrift_landmask_data/mask.py", line 77, in __check_permissions__
    if not os.stat(self.lockf).st_mode & 0o777 == 0o777:
FileNotFoundError: [Errno 2] No such file or directory: '/tmp/landmask/.mask.dat.lock'
ERROR:root:could not verify read permissions for group and others on landmask.
Traceback (most recent call last):
  File "/home/pdaniel/anaconda3/lib/python3.8/site-packages/opendrift_landmask_data-0.6-py3.8.egg/opendrift_landmask_data/mask.py", line 77, in __check_permissions__
    if not os.stat(self.lockf).st_mode & 0o777 == 0o777:
FileNotFoundError: [Errno 2] No such file or directory: '/tmp/landmask/.mask.dat.lock'
INFO:numexpr.utils:NumExpr defaulting to 2 threads.
INFO:root:RUNNING: model on: 2025-08-07 20:53:00
ERROR:root:could not verify read permissions for group and others on landmask.
Traceback (most recent call last):
  File "/home/pdaniel/anaconda3/lib/python3.8/site-packages/opendrift_landmask_data-0.6-py3.8.egg/opendrift_landmask_data/mask.py", line 77, in __check_permissions__
    if not os.stat(self.lockf).st_mode & 0o777 == 0o777:
FileNotFoundError: [Errno 2] No such file or directory: '/tmp/landmask/.mask.dat.lock'
ERROR:root:could not verify read permissions for group and others on landmask.
Traceback (most recent call last):
  File "/home/pdaniel/anaconda3/lib/python3.8/site-packages/opendrift_landmask_data-0.6-py3.8.egg/opendrift_landmask_data/mask.py", line 77, in __check_permissions__
    if not os.stat(self.lockf).st_mode & 0o777 == 0o777:
FileNotFoundError: [Errno 2] No such file or directory: '/tmp/landmask/.mask.dat.lock'
INFO:root:RUNNING: model on: 2025-08-08 07:13:00
ERROR:root:could not verify read permissions for group and others on landmask.
Traceback (most recent call last):
  File "/home/pdaniel/anaconda3/lib/python3.8/site-packages/opendrift_landmask_data-0.6-py3.8.egg/opendrift_landmask_data/mask.py", line 77, in __check_permissions__
    if not os.stat(self.lockf).st_mode & 0o777 == 0o777:
FileNotFoundError: [Errno 2] No such file or directory: '/tmp/landmask/.mask.dat.lock'
ERROR:root:could not verify read permissions for group and others on landmask.
Traceback (most recent call last):
  File "/home/pdaniel/anaconda3/lib/python3.8/site-packages/opendrift_landmask_data-0.6-py3.8.egg/opendrift_landmask_data/mask.py", line 77, in __check_permissions__
    if not os.stat(self.lockf).st_mode & 0o777 == 0o777:
FileNotFoundError: [Errno 2] No such file or directory: '/tmp/landmask/.mask.dat.lock'
INFO:numexpr.utils:NumExpr defaulting to 2 threads.
INFO:root:RUNNING: model on: 2025-08-08 21:22:00
ERROR:root:could not verify read permissions for group and others on landmask.
Traceback (most recent call last):
  File "/home/pdaniel/anaconda3/lib/python3.8/site-packages/opendrift_landmask_data-0.6-py3.8.egg/opendrift_landmask_data/mask.py", line 77, in __check_permissions__
    if not os.stat(self.lockf).st_mode & 0o777 == 0o777:
FileNotFoundError: [Errno 2] No such file or directory: '/tmp/landmask/.mask.dat.lock'
ERROR:root:could not verify read permissions for group and others on landmask.
Traceback (most recent call last):
  File "/home/pdaniel/anaconda3/lib/python3.8/site-packages/opendrift_landmask_data-0.6-py3.8.egg/opendrift_landmask_data/mask.py", line 77, in __check_permissions__
    if not os.stat(self.lockf).st_mode & 0o777 == 0o777:
FileNotFoundError: [Errno 2] No such file or directory: '/tmp/landmask/.mask.dat.lock'
INFO:root:RUNNING: model on: 2025-08-09 07:56:00
ERROR:root:could not verify read permissions for group and others on landmask.
Traceback (most recent call last):
  File "/home/pdaniel/anaconda3/lib/python3.8/site-packages/opendrift_landmask_data-0.6-py3.8.egg/opendrift_landmask_data/mask.py", line 77, in __check_permissions__
    if not os.stat(self.lockf).st_mode & 0o777 == 0o777:
FileNotFoundError: [Errno 2] No such file or directory: '/tmp/landmask/.mask.dat.lock'
ERROR:root:could not verify read permissions for group and others on landmask.
Traceback (most recent call last):
  File "/home/pdaniel/anaconda3/lib/python3.8/site-packages/opendrift_landmask_data-0.6-py3.8.egg/opendrift_landmask_data/mask.py", line 77, in __check_permissions__
    if not os.stat(self.lockf).st_mode & 0o777 == 0o777:
FileNotFoundError: [Errno 2] No such file or directory: '/tmp/landmask/.mask.dat.lock'
INFO:numexpr.utils:NumExpr defaulting to 2 threads.
INFO:root:RUNNING: model on: 2025-08-09 21:50:00
ERROR:root:could not verify read permissions for group and others on landmask.
Traceback (most recent call last):
  File "/home/pdaniel/anaconda3/lib/python3.8/site-packages/opendrift_landmask_data-0.6-py3.8.egg/opendrift_landmask_data/mask.py", line 77, in __check_permissions__
    if not os.stat(self.lockf).st_mode & 0o777 == 0o777:
FileNotFoundError: [Errno 2] No such file or directory: '/tmp/landmask/.mask.dat.lock'
ERROR:root:could not verify read permissions for group and others on landmask.
Traceback (most recent call last):
  File "/home/pdaniel/anaconda3/lib/python3.8/site-packages/opendrift_landmask_data-0.6-py3.8.egg/opendrift_landmask_data/mask.py", line 77, in __check_permissions__
    if not os.stat(self.lockf).st_mode & 0o777 == 0o777:
FileNotFoundError: [Errno 2] No such file or directory: '/tmp/landmask/.mask.dat.lock'
INFO:root:RUNNING: model on: 2025-08-10 08:40:00
ERROR:root:could not verify read permissions for group and others on landmask.
Traceback (most recent call last):
  File "/home/pdaniel/anaconda3/lib/python3.8/site-packages/opendrift_landmask_data-0.6-py3.8.egg/opendrift_landmask_data/mask.py", line 77, in __check_permissions__
    if not os.stat(self.lockf).st_mode & 0o777 == 0o777:
FileNotFoundError: [Errno 2] No such file or directory: '/tmp/landmask/.mask.dat.lock'
ERROR:root:could not verify read permissions for group and others on landmask.
Traceback (most recent call last):
  File "/home/pdaniel/anaconda3/lib/python3.8/site-packages/opendrift_landmask_data-0.6-py3.8.egg/opendrift_landmask_data/mask.py", line 77, in __check_permissions__
    if not os.stat(self.lockf).st_mode & 0o777 == 0o777:
FileNotFoundError: [Errno 2] No such file or directory: '/tmp/landmask/.mask.dat.lock'
INFO:numexpr.utils:NumExpr defaulting to 2 threads.
INFO:root:RUNNING: model on: 2025-08-10 22:19:00
ERROR:root:could not verify read permissions for group and others on landmask.
Traceback (most recent call last):
  File "/home/pdaniel/anaconda3/lib/python3.8/site-packages/opendrift_landmask_data-0.6-py3.8.egg/opendrift_landmask_data/mask.py", line 77, in __check_permissions__
    if not os.stat(self.lockf).st_mode & 0o777 == 0o777:
FileNotFoundError: [Errno 2] No such file or directory: '/tmp/landmask/.mask.dat.lock'
ERROR:root:could not verify read permissions for group and others on landmask.
Traceback (most recent call last):
  File "/home/pdaniel/anaconda3/lib/python3.8/site-packages/opendrift_landmask_data-0.6-py3.8.egg/opendrift_landmask_data/mask.py", line 77, in __check_permissions__
    if not os.stat(self.lockf).st_mode & 0o777 == 0o777:
FileNotFoundError: [Errno 2] No such file or directory: '/tmp/landmask/.mask.dat.lock'
INFO:root:RUNNING: model on: 2025-08-11 09:27:00
ERROR:root:could not verify read permissions for group and others on landmask.
Traceback (most recent call last):
  File "/home/pdaniel/anaconda3/lib/python3.8/site-packages/opendrift_landmask_data-0.6-py3.8.egg/opendrift_landmask_data/mask.py", line 77, in __check_permissions__
    if not os.stat(self.lockf).st_mode & 0o777 == 0o777:
FileNotFoundError: [Errno 2] No such file or directory: '/tmp/landmask/.mask.dat.lock'
ERROR:root:could not verify read permissions for group and others on landmask.
Traceback (most recent call last):
  File "/home/pdaniel/anaconda3/lib/python3.8/site-packages/opendrift_landmask_data-0.6-py3.8.egg/opendrift_landmask_data/mask.py", line 77, in __check_permissions__
    if not os.stat(self.lockf).st_mode & 0o777 == 0o777:
FileNotFoundError: [Errno 2] No such file or directory: '/tmp/landmask/.mask.dat.lock'
INFO:numexpr.utils:NumExpr defaulting to 2 threads.
INFO:root:RUNNING: model on: 2025-08-11 22:49:00
ERROR:root:could not verify read permissions for group and others on landmask.
Traceback (most recent call last):
  File "/home/pdaniel/anaconda3/lib/python3.8/site-packages/opendrift_landmask_data-0.6-py3.8.egg/opendrift_landmask_data/mask.py", line 77, in __check_permissions__
    if not os.stat(self.lockf).st_mode & 0o777 == 0o777:
FileNotFoundError: [Errno 2] No such file or directory: '/tmp/landmask/.mask.dat.lock'
ERROR:root:could not verify read permissions for group and others on landmask.
Traceback (most recent call last):
  File "/home/pdaniel/anaconda3/lib/python3.8/site-packages/opendrift_landmask_data-0.6-py3.8.egg/opendrift_landmask_data/mask.py", line 77, in __check_permissions__
    if not os.stat(self.lockf).st_mode & 0o777 == 0o777:
FileNotFoundError: [Errno 2] No such file or directory: '/tmp/landmask/.mask.dat.lock'
INFO:root:RUNNING: model on: 2025-08-12 10:16:00
ERROR:root:could not verify read permissions for group and others on landmask.
Traceback (most recent call last):
  File "/home/pdaniel/anaconda3/lib/python3.8/site-packages/opendrift_landmask_data-0.6-py3.8.egg/opendrift_landmask_data/mask.py", line 77, in __check_permissions__
    if not os.stat(self.lockf).st_mode & 0o777 == 0o777:
FileNotFoundError: [Errno 2] No such file or directory: '/tmp/landmask/.mask.dat.lock'
ERROR:root:could not verify read permissions for group and others on landmask.
Traceback (most recent call last):
  File "/home/pdaniel/anaconda3/lib/python3.8/site-packages/opendrift_landmask_data-0.6-py3.8.egg/opendrift_landmask_data/mask.py", line 77, in __check_permissions__
    if not os.stat(self.lockf).st_mode & 0o777 == 0o777:
FileNotFoundError: [Errno 2] No such file or directory: '/tmp/landmask/.mask.dat.lock'
INFO:numexpr.utils:NumExpr defaulting to 2 threads.
INFO:root:RUNNING: model on: 2025-08-12 23:20:00
ERROR:root:could not verify read permissions for group and others on landmask.
Traceback (most recent call last):
  File "/home/pdaniel/anaconda3/lib/python3.8/site-packages/opendrift_landmask_data-0.6-py3.8.egg/opendrift_landmask_data/mask.py", line 77, in __check_permissions__
    if not os.stat(self.lockf).st_mode & 0o777 == 0o777:
FileNotFoundError: [Errno 2] No such file or directory: '/tmp/landmask/.mask.dat.lock'
ERROR:root:could not verify read permissions for group and others on landmask.
Traceback (most recent call last):
  File "/home/pdaniel/anaconda3/lib/python3.8/site-packages/opendrift_landmask_data-0.6-py3.8.egg/opendrift_landmask_data/mask.py", line 77, in __check_permissions__
    if not os.stat(self.lockf).st_mode & 0o777 == 0o777:
FileNotFoundError: [Errno 2] No such file or directory: '/tmp/landmask/.mask.dat.lock'
INFO:root:RUNNING: model on: 2025-08-13 11:12:00
ERROR:root:could not verify read permissions for group and others on landmask.
Traceback (most recent call last):
  File "/home/pdaniel/anaconda3/lib/python3.8/site-packages/opendrift_landmask_data-0.6-py3.8.egg/opendrift_landmask_data/mask.py", line 77, in __check_permissions__
    if not os.stat(self.lockf).st_mode & 0o777 == 0o777:
FileNotFoundError: [Errno 2] No such file or directory: '/tmp/landmask/.mask.dat.lock'
ERROR:root:could not verify read permissions for group and others on landmask.
Traceback (most recent call last):
  File "/home/pdaniel/anaconda3/lib/python3.8/site-packages/opendrift_landmask_data-0.6-py3.8.egg/opendrift_landmask_data/mask.py", line 77, in __check_permissions__
    if not os.stat(self.lockf).st_mode & 0o777 == 0o777:
FileNotFoundError: [Errno 2] No such file or directory: '/tmp/landmask/.mask.dat.lock'
INFO:numexpr.utils:NumExpr defaulting to 2 threads.
INFO:root:RUNNING: model on: 2025-08-13 23:54:00
ERROR:root:could not verify read permissions for group and others on landmask.
Traceback (most recent call last):
  File "/home/pdaniel/anaconda3/lib/python3.8/site-packages/opendrift_landmask_data-0.6-py3.8.egg/opendrift_landmask_data/mask.py", line 77, in __check_permissions__
    if not os.stat(self.lockf).st_mode & 0o777 == 0o777:
FileNotFoundError: [Errno 2] No such file or directory: '/tmp/landmask/.mask.dat.lock'
ERROR:root:could not verify read permissions for group and others on landmask.
Traceback (most recent call last):
  File "/home/pdaniel/anaconda3/lib/python3.8/site-packages/opendrift_landmask_data-0.6-py3.8.egg/opendrift_landmask_data/mask.py", line 77, in __check_permissions__
    if not os.stat(self.lockf).st_mode & 0o777 == 0o777:
FileNotFoundError: [Errno 2] No such file or directory: '/tmp/landmask/.mask.dat.lock'
INFO:root:RUNNING: model on: 2025-08-14 12:18:00
ERROR:root:could not verify read permissions for group and others on landmask.
Traceback (most recent call last):
  File "/home/pdaniel/anaconda3/lib/python3.8/site-packages/opendrift_landmask_data-0.6-py3.8.egg/opendrift_landmask_data/mask.py", line 77, in __check_permissions__
    if not os.stat(self.lockf).st_mode & 0o777 == 0o777:
FileNotFoundError: [Errno 2] No such file or directory: '/tmp/landmask/.mask.dat.lock'
ERROR:root:could not verify read permissions for group and others on landmask.
Traceback (most recent call last):
  File "/home/pdaniel/anaconda3/lib/python3.8/site-packages/opendrift_landmask_data-0.6-py3.8.egg/opendrift_landmask_data/mask.py", line 77, in __check_permissions__
    if not os.stat(self.lockf).st_mode & 0o777 == 0o777:
FileNotFoundError: [Errno 2] No such file or directory: '/tmp/landmask/.mask.dat.lock'
INFO:numexpr.utils:NumExpr defaulting to 2 threads.
INFO:root:RUNNING: model on: 2025-08-15 00:33:00
ERROR:root:could not verify read permissions for group and others on landmask.
Traceback (most recent call last):
  File "/home/pdaniel/anaconda3/lib/python3.8/site-packages/opendrift_landmask_data-0.6-py3.8.egg/opendrift_landmask_data/mask.py", line 77, in __check_permissions__
    if not os.stat(self.lockf).st_mode & 0o777 == 0o777:
FileNotFoundError: [Errno 2] No such file or directory: '/tmp/landmask/.mask.dat.lock'
ERROR:root:could not verify read permissions for group and others on landmask.
Traceback (most recent call last):
  File "/home/pdaniel/anaconda3/lib/python3.8/site-packages/opendrift_landmask_data-0.6-py3.8.egg/opendrift_landmask_data/mask.py", line 77, in __check_permissions__
    if not os.stat(self.lockf).st_mode & 0o777 == 0o777:
FileNotFoundError: [Errno 2] No such file or directory: '/tmp/landmask/.mask.dat.lock'
INFO:root:RUNNING: model on: 2025-08-15 13:41:00
ERROR:root:could not verify read permissions for group and others on landmask.
Traceback (most recent call last):
  File "/home/pdaniel/anaconda3/lib/python3.8/site-packages/opendrift_landmask_data-0.6-py3.8.egg/opendrift_landmask_data/mask.py", line 77, in __check_permissions__
    if not os.stat(self.lockf).st_mode & 0o777 == 0o777:
FileNotFoundError: [Errno 2] No such file or directory: '/tmp/landmask/.mask.dat.lock'
ERROR:root:could not verify read permissions for group and others on landmask.
Traceback (most recent call last):
  File "/home/pdaniel/anaconda3/lib/python3.8/site-packages/opendrift_landmask_data-0.6-py3.8.egg/opendrift_landmask_data/mask.py", line 77, in __check_permissions__
    if not os.stat(self.lockf).st_mode & 0o777 == 0o777:
FileNotFoundError: [Errno 2] No such file or directory: '/tmp/landmask/.mask.dat.lock'
INFO:numexpr.utils:NumExpr defaulting to 2 threads.
INFO:root:RUNNING: model on: 2025-08-16 01:19:00
ERROR:root:could not verify read permissions for group and others on landmask.
Traceback (most recent call last):
  File "/home/pdaniel/anaconda3/lib/python3.8/site-packages/opendrift_landmask_data-0.6-py3.8.egg/opendrift_landmask_data/mask.py", line 77, in __check_permissions__
    if not os.stat(self.lockf).st_mode & 0o777 == 0o777:
FileNotFoundError: [Errno 2] No such file or directory: '/tmp/landmask/.mask.dat.lock'
ERROR:root:could not verify read permissions for group and others on landmask.
Traceback (most recent call last):
  File "/home/pdaniel/anaconda3/lib/python3.8/site-packages/opendrift_landmask_data-0.6-py3.8.egg/opendrift_landmask_data/mask.py", line 77, in __check_permissions__
    if not os.stat(self.lockf).st_mode & 0o777 == 0o777:
FileNotFoundError: [Errno 2] No such file or directory: '/tmp/landmask/.mask.dat.lock'
INFO:root:RUNNING: model on: 2025-08-16 15:23:00
ERROR:root:could not verify read permissions for group and others on landmask.
Traceback (most recent call last):
  File "/home/pdaniel/anaconda3/lib/python3.8/site-packages/opendrift_landmask_data-0.6-py3.8.egg/opendrift_landmask_data/mask.py", line 77, in __check_permissions__
    if not os.stat(self.lockf).st_mode & 0o777 == 0o777:
FileNotFoundError: [Errno 2] No such file or directory: '/tmp/landmask/.mask.dat.lock'
ERROR:root:could not verify read permissions for group and others on landmask.
Traceback (most recent call last):
  File "/home/pdaniel/anaconda3/lib/python3.8/site-packages/opendrift_landmask_data-0.6-py3.8.egg/opendrift_landmask_data/mask.py", line 77, in __check_permissions__
    if not os.stat(self.lockf).st_mode & 0o777 == 0o777:
FileNotFoundError: [Errno 2] No such file or directory: '/tmp/landmask/.mask.dat.lock'
INFO:numexpr.utils:NumExpr defaulting to 2 threads.
INFO:root:RUNNING: model on: 2025-08-17 02:14:00
ERROR:root:could not verify read permissions for group and others on landmask.
Traceback (most recent call last):
  File "/home/pdaniel/anaconda3/lib/python3.8/site-packages/opendrift_landmask_data-0.6-py3.8.egg/opendrift_landmask_data/mask.py", line 77, in __check_permissions__
    if not os.stat(self.lockf).st_mode & 0o777 == 0o777:
FileNotFoundError: [Errno 2] No such file or directory: '/tmp/landmask/.mask.dat.lock'
ERROR:root:could not verify read permissions for group and others on landmask.
Traceback (most recent call last):
  File "/home/pdaniel/anaconda3/lib/python3.8/site-packages/opendrift_landmask_data-0.6-py3.8.egg/opendrift_landmask_data/mask.py", line 77, in __check_permissions__
    if not os.stat(self.lockf).st_mode & 0o777 == 0o777:
FileNotFoundError: [Errno 2] No such file or directory: '/tmp/landmask/.mask.dat.lock'
INFO:root:RUNNING: model on: 2025-08-17 17:04:00
ERROR:root:could not verify read permissions for group and others on landmask.
Traceback (most recent call last):
  File "/home/pdaniel/anaconda3/lib/python3.8/site-packages/opendrift_landmask_data-0.6-py3.8.egg/opendrift_landmask_data/mask.py", line 77, in __check_permissions__
    if not os.stat(self.lockf).st_mode & 0o777 == 0o777:
FileNotFoundError: [Errno 2] No such file or directory: '/tmp/landmask/.mask.dat.lock'
ERROR:root:could not verify read permissions for group and others on landmask.
Traceback (most recent call last):
  File "/home/pdaniel/anaconda3/lib/python3.8/site-packages/opendrift_landmask_data-0.6-py3.8.egg/opendrift_landmask_data/mask.py", line 77, in __check_permissions__
    if not os.stat(self.lockf).st_mode & 0o777 == 0o777:
FileNotFoundError: [Errno 2] No such file or directory: '/tmp/landmask/.mask.dat.lock'
INFO:numexpr.utils:NumExpr defaulting to 2 threads.
INFO:root:RUNNING: model on: 2025-08-18 03:18:00
ERROR:root:could not verify read permissions for group and others on landmask.
Traceback (most recent call last):
  File "/home/pdaniel/anaconda3/lib/python3.8/site-packages/opendrift_landmask_data-0.6-py3.8.egg/opendrift_landmask_data/mask.py", line 77, in __check_permissions__
    if not os.stat(self.lockf).st_mode & 0o777 == 0o777:
FileNotFoundError: [Errno 2] No such file or directory: '/tmp/landmask/.mask.dat.lock'
ERROR:root:could not verify read permissions for group and others on landmask.
Traceback (most recent call last):
  File "/home/pdaniel/anaconda3/lib/python3.8/site-packages/opendrift_landmask_data-0.6-py3.8.egg/opendrift_landmask_data/mask.py", line 77, in __check_permissions__
    if not os.stat(self.lockf).st_mode & 0o777 == 0o777:
FileNotFoundError: [Errno 2] No such file or directory: '/tmp/landmask/.mask.dat.lock'
INFO:root:RUNNING: model on: 2025-08-18 18:17:00
ERROR:root:could not verify read permissions for group and others on landmask.
Traceback (most recent call last):
  File "/home/pdaniel/anaconda3/lib/python3.8/site-packages/opendrift_landmask_data-0.6-py3.8.egg/opendrift_landmask_data/mask.py", line 77, in __check_permissions__
    if not os.stat(self.lockf).st_mode & 0o777 == 0o777:
FileNotFoundError: [Errno 2] No such file or directory: '/tmp/landmask/.mask.dat.lock'
ERROR:root:could not verify read permissions for group and others on landmask.
Traceback (most recent call last):
  File "/home/pdaniel/anaconda3/lib/python3.8/site-packages/opendrift_landmask_data-0.6-py3.8.egg/opendrift_landmask_data/mask.py", line 77, in __check_permissions__
    if not os.stat(self.lockf).st_mode & 0o777 == 0o777:
FileNotFoundError: [Errno 2] No such file or directory: '/tmp/landmask/.mask.dat.lock'
INFO:numexpr.utils:NumExpr defaulting to 2 threads.
INFO:root:RUNNING: model on: 2025-08-19 04:24:00
ERROR:root:could not verify read permissions for group and others on landmask.
Traceback (most recent call last):
  File "/home/pdaniel/anaconda3/lib/python3.8/site-packages/opendrift_landmask_data-0.6-py3.8.egg/opendrift_landmask_data/mask.py", line 77, in __check_permissions__
    if not os.stat(self.lockf).st_mode & 0o777 == 0o777:
FileNotFoundError: [Errno 2] No such file or directory: '/tmp/landmask/.mask.dat.lock'
ERROR:root:could not verify read permissions for group and others on landmask.
Traceback (most recent call last):
  File "/home/pdaniel/anaconda3/lib/python3.8/site-packages/opendrift_landmask_data-0.6-py3.8.egg/opendrift_landmask_data/mask.py", line 77, in __check_permissions__
    if not os.stat(self.lockf).st_mode & 0o777 == 0o777:
FileNotFoundError: [Errno 2] No such file or directory: '/tmp/landmask/.mask.dat.lock'
INFO:root:RUNNING: model on: 2025-08-19 19:10:00
ERROR:root:could not verify read permissions for group and others on landmask.
Traceback (most recent call last):
  File "/home/pdaniel/anaconda3/lib/python3.8/site-packages/opendrift_landmask_data-0.6-py3.8.egg/opendrift_landmask_data/mask.py", line 77, in __check_permissions__
    if not os.stat(self.lockf).st_mode & 0o777 == 0o777:
FileNotFoundError: [Errno 2] No such file or directory: '/tmp/landmask/.mask.dat.lock'
ERROR:root:could not verify read permissions for group and others on landmask.
Traceback (most recent call last):
  File "/home/pdaniel/anaconda3/lib/python3.8/site-packages/opendrift_landmask_data-0.6-py3.8.egg/opendrift_landmask_data/mask.py", line 77, in __check_permissions__
    if not os.stat(self.lockf).st_mode & 0o777 == 0o777:
FileNotFoundError: [Errno 2] No such file or directory: '/tmp/landmask/.mask.dat.lock'
INFO:numexpr.utils:NumExpr defaulting to 2 threads.
INFO:root:RUNNING: model on: 2025-08-20 05:27:00
ERROR:root:could not verify read permissions for group and others on landmask.
Traceback (most recent call last):
  File "/home/pdaniel/anaconda3/lib/python3.8/site-packages/opendrift_landmask_data-0.6-py3.8.egg/opendrift_landmask_data/mask.py", line 77, in __check_permissions__
    if not os.stat(self.lockf).st_mode & 0o777 == 0o777:
FileNotFoundError: [Errno 2] No such file or directory: '/tmp/landmask/.mask.dat.lock'
ERROR:root:could not verify read permissions for group and others on landmask.
Traceback (most recent call last):
  File "/home/pdaniel/anaconda3/lib/python3.8/site-packages/opendrift_landmask_data-0.6-py3.8.egg/opendrift_landmask_data/mask.py", line 77, in __check_permissions__
    if not os.stat(self.lockf).st_mode & 0o777 == 0o777:
FileNotFoundError: [Errno 2] No such file or directory: '/tmp/landmask/.mask.dat.lock'
INFO:numexpr.utils:NumExpr defaulting to 2 threads.
INFO:root:RUNNING: model on: 2025-08-20 19:52:00
ERROR:root:could not verify read permissions for group and others on landmask.
Traceback (most recent call last):
  File "/home/pdaniel/anaconda3/lib/python3.8/site-packages/opendrift_landmask_data-0.6-py3.8.egg/opendrift_landmask_data/mask.py", line 77, in __check_permissions__
    if not os.stat(self.lockf).st_mode & 0o777 == 0o777:
FileNotFoundError: [Errno 2] No such file or directory: '/tmp/landmask/.mask.dat.lock'
ERROR:root:could not verify read permissions for group and others on landmask.
Traceback (most recent call last):
  File "/home/pdaniel/anaconda3/lib/python3.8/site-packages/opendrift_landmask_data-0.6-py3.8.egg/opendrift_landmask_data/mask.py", line 77, in __check_permissions__
    if not os.stat(self.lockf).st_mode & 0o777 == 0o777:
FileNotFoundError: [Errno 2] No such file or directory: '/tmp/landmask/.mask.dat.lock'
INFO:root:RUNNING: model on: 2025-08-21 06:25:00
ERROR:root:could not verify read permissions for group and others on landmask.
Traceback (most recent call last):
  File "/home/pdaniel/anaconda3/lib/python3.8/site-packages/opendrift_landmask_data-0.6-py3.8.egg/opendrift_landmask_data/mask.py", line 77, in __check_permissions__
    if not os.stat(self.lockf).st_mode & 0o777 == 0o777:
FileNotFoundError: [Errno 2] No such file or directory: '/tmp/landmask/.mask.dat.lock'
ERROR:root:could not verify read permissions for group and others on landmask.
Traceback (most recent call last):
  File "/home/pdaniel/anaconda3/lib/python3.8/site-packages/opendrift_landmask_data-0.6-py3.8.egg/opendrift_landmask_data/mask.py", line 77, in __check_permissions__
    if not os.stat(self.lockf).st_mode & 0o777 == 0o777:
FileNotFoundError: [Errno 2] No such file or directory: '/tmp/landmask/.mask.dat.lock'
INFO:numexpr.utils:NumExpr defaulting to 2 threads.
INFO:root:RUNNING: model on: 2025-08-21 20:30:00
ERROR:root:could not verify read permissions for group and others on landmask.
Traceback (most recent call last):
  File "/home/pdaniel/anaconda3/lib/python3.8/site-packages/opendrift_landmask_data-0.6-py3.8.egg/opendrift_landmask_data/mask.py", line 77, in __check_permissions__
    if not os.stat(self.lockf).st_mode & 0o777 == 0o777:
FileNotFoundError: [Errno 2] No such file or directory: '/tmp/landmask/.mask.dat.lock'
ERROR:root:could not verify read permissions for group and others on landmask.
Traceback (most recent call last):
  File "/home/pdaniel/anaconda3/lib/python3.8/site-packages/opendrift_landmask_data-0.6-py3.8.egg/opendrift_landmask_data/mask.py", line 77, in __check_permissions__
    if not os.stat(self.lockf).st_mode & 0o777 == 0o777:
FileNotFoundError: [Errno 2] No such file or directory: '/tmp/landmask/.mask.dat.lock'
INFO:root:RUNNING: model on: 2025-08-22 07:16:00
ERROR:root:could not verify read permissions for group and others on landmask.
Traceback (most recent call last):
  File "/home/pdaniel/anaconda3/lib/python3.8/site-packages/opendrift_landmask_data-0.6-py3.8.egg/opendrift_landmask_data/mask.py", line 77, in __check_permissions__
    if not os.stat(self.lockf).st_mode & 0o777 == 0o777:
FileNotFoundError: [Errno 2] No such file or directory: '/tmp/landmask/.mask.dat.lock'
ERROR:root:could not verify read permissions for group and others on landmask.
Traceback (most recent call last):
  File "/home/pdaniel/anaconda3/lib/python3.8/site-packages/opendrift_landmask_data-0.6-py3.8.egg/opendrift_landmask_data/mask.py", line 77, in __check_permissions__
    if not os.stat(self.lockf).st_mode & 0o777 == 0o777:
FileNotFoundError: [Errno 2] No such file or directory: '/tmp/landmask/.mask.dat.lock'
INFO:numexpr.utils:NumExpr defaulting to 2 threads.
INFO:root:RUNNING: model on: 2025-08-22 21:05:00
ERROR:root:could not verify read permissions for group and others on landmask.
Traceback (most recent call last):
  File "/home/pdaniel/anaconda3/lib/python3.8/site-packages/opendrift_landmask_data-0.6-py3.8.egg/opendrift_landmask_data/mask.py", line 77, in __check_permissions__
    if not os.stat(self.lockf).st_mode & 0o777 == 0o777:
FileNotFoundError: [Errno 2] No such file or directory: '/tmp/landmask/.mask.dat.lock'
ERROR:root:could not verify read permissions for group and others on landmask.
Traceback (most recent call last):
  File "/home/pdaniel/anaconda3/lib/python3.8/site-packages/opendrift_landmask_data-0.6-py3.8.egg/opendrift_landmask_data/mask.py", line 77, in __check_permissions__
    if not os.stat(self.lockf).st_mode & 0o777 == 0o777:
FileNotFoundError: [Errno 2] No such file or directory: '/tmp/landmask/.mask.dat.lock'
INFO:root:RUNNING: model on: 2025-08-23 08:04:00
ERROR:root:could not verify read permissions for group and others on landmask.
Traceback (most recent call last):
  File "/home/pdaniel/anaconda3/lib/python3.8/site-packages/opendrift_landmask_data-0.6-py3.8.egg/opendrift_landmask_data/mask.py", line 77, in __check_permissions__
    if not os.stat(self.lockf).st_mode & 0o777 == 0o777:
FileNotFoundError: [Errno 2] No such file or directory: '/tmp/landmask/.mask.dat.lock'
ERROR:root:could not verify read permissions for group and others on landmask.
Traceback (most recent call last):
  File "/home/pdaniel/anaconda3/lib/python3.8/site-packages/opendrift_landmask_data-0.6-py3.8.egg/opendrift_landmask_data/mask.py", line 77, in __check_permissions__
    if not os.stat(self.lockf).st_mode & 0o777 == 0o777:
FileNotFoundError: [Errno 2] No such file or directory: '/tmp/landmask/.mask.dat.lock'
INFO:numexpr.utils:NumExpr defaulting to 2 threads.
INFO:root:RUNNING: model on: 2025-08-23 21:37:00
ERROR:root:could not verify read permissions for group and others on landmask.
Traceback (most recent call last):
  File "/home/pdaniel/anaconda3/lib/python3.8/site-packages/opendrift_landmask_data-0.6-py3.8.egg/opendrift_landmask_data/mask.py", line 77, in __check_permissions__
    if not os.stat(self.lockf).st_mode & 0o777 == 0o777:
FileNotFoundError: [Errno 2] No such file or directory: '/tmp/landmask/.mask.dat.lock'
ERROR:root:could not verify read permissions for group and others on landmask.
Traceback (most recent call last):
  File "/home/pdaniel/anaconda3/lib/python3.8/site-packages/opendrift_landmask_data-0.6-py3.8.egg/opendrift_landmask_data/mask.py", line 77, in __check_permissions__
    if not os.stat(self.lockf).st_mode & 0o777 == 0o777:
FileNotFoundError: [Errno 2] No such file or directory: '/tmp/landmask/.mask.dat.lock'
INFO:root:RUNNING: model on: 2025-08-24 08:49:00
ERROR:root:could not verify read permissions for group and others on landmask.
Traceback (most recent call last):
  File "/home/pdaniel/anaconda3/lib/python3.8/site-packages/opendrift_landmask_data-0.6-py3.8.egg/opendrift_landmask_data/mask.py", line 77, in __check_permissions__
    if not os.stat(self.lockf).st_mode & 0o777 == 0o777:
FileNotFoundError: [Errno 2] No such file or directory: '/tmp/landmask/.mask.dat.lock'
ERROR:root:could not verify read permissions for group and others on landmask.
Traceback (most recent call last):
  File "/home/pdaniel/anaconda3/lib/python3.8/site-packages/opendrift_landmask_data-0.6-py3.8.egg/opendrift_landmask_data/mask.py", line 77, in __check_permissions__
    if not os.stat(self.lockf).st_mode & 0o777 == 0o777:
FileNotFoundError: [Errno 2] No such file or directory: '/tmp/landmask/.mask.dat.lock'
INFO:numexpr.utils:NumExpr defaulting to 2 threads.
INFO:root:RUNNING: model on: 2025-08-24 22:06:00
ERROR:root:could not verify read permissions for group and others on landmask.
Traceback (most recent call last):
  File "/home/pdaniel/anaconda3/lib/python3.8/site-packages/opendrift_landmask_data-0.6-py3.8.egg/opendrift_landmask_data/mask.py", line 77, in __check_permissions__
    if not os.stat(self.lockf).st_mode & 0o777 == 0o777:
FileNotFoundError: [Errno 2] No such file or directory: '/tmp/landmask/.mask.dat.lock'
ERROR:root:could not verify read permissions for group and others on landmask.
Traceback (most recent call last):
  File "/home/pdaniel/anaconda3/lib/python3.8/site-packages/opendrift_landmask_data-0.6-py3.8.egg/opendrift_landmask_data/mask.py", line 77, in __check_permissions__
    if not os.stat(self.lockf).st_mode & 0o777 == 0o777:
FileNotFoundError: [Errno 2] No such file or directory: '/tmp/landmask/.mask.dat.lock'
INFO:root:RUNNING: model on: 2025-08-25 09:34:00
ERROR:root:could not verify read permissions for group and others on landmask.
Traceback (most recent call last):
  File "/home/pdaniel/anaconda3/lib/python3.8/site-packages/opendrift_landmask_data-0.6-py3.8.egg/opendrift_landmask_data/mask.py", line 77, in __check_permissions__
    if not os.stat(self.lockf).st_mode & 0o777 == 0o777:
FileNotFoundError: [Errno 2] No such file or directory: '/tmp/landmask/.mask.dat.lock'
ERROR:root:could not verify read permissions for group and others on landmask.
Traceback (most recent call last):
  File "/home/pdaniel/anaconda3/lib/python3.8/site-packages/opendrift_landmask_data-0.6-py3.8.egg/opendrift_landmask_data/mask.py", line 77, in __check_permissions__
    if not os.stat(self.lockf).st_mode & 0o777 == 0o777:
FileNotFoundError: [Errno 2] No such file or directory: '/tmp/landmask/.mask.dat.lock'
INFO:numexpr.utils:NumExpr defaulting to 2 threads.
INFO:root:RUNNING: model on: 2025-08-25 22:33:00
ERROR:root:could not verify read permissions for group and others on landmask.
Traceback (most recent call last):
  File "/home/pdaniel/anaconda3/lib/python3.8/site-packages/opendrift_landmask_data-0.6-py3.8.egg/opendrift_landmask_data/mask.py", line 77, in __check_permissions__
    if not os.stat(self.lockf).st_mode & 0o777 == 0o777:
FileNotFoundError: [Errno 2] No such file or directory: '/tmp/landmask/.mask.dat.lock'
ERROR:root:could not verify read permissions for group and others on landmask.
Traceback (most recent call last):
  File "/home/pdaniel/anaconda3/lib/python3.8/site-packages/opendrift_landmask_data-0.6-py3.8.egg/opendrift_landmask_data/mask.py", line 77, in __check_permissions__
    if not os.stat(self.lockf).st_mode & 0o777 == 0o777:
FileNotFoundError: [Errno 2] No such file or directory: '/tmp/landmask/.mask.dat.lock'
INFO:root:RUNNING: model on: 2025-08-26 10:18:00
ERROR:root:could not verify read permissions for group and others on landmask.
Traceback (most recent call last):
  File "/home/pdaniel/anaconda3/lib/python3.8/site-packages/opendrift_landmask_data-0.6-py3.8.egg/opendrift_landmask_data/mask.py", line 77, in __check_permissions__
    if not os.stat(self.lockf).st_mode & 0o777 == 0o777:
FileNotFoundError: [Errno 2] No such file or directory: '/tmp/landmask/.mask.dat.lock'
ERROR:root:could not verify read permissions for group and others on landmask.
Traceback (most recent call last):
  File "/home/pdaniel/anaconda3/lib/python3.8/site-packages/opendrift_landmask_data-0.6-py3.8.egg/opendrift_landmask_data/mask.py", line 77, in __check_permissions__
    if not os.stat(self.lockf).st_mode & 0o777 == 0o777:
FileNotFoundError: [Errno 2] No such file or directory: '/tmp/landmask/.mask.dat.lock'
INFO:numexpr.utils:NumExpr defaulting to 2 threads.
INFO:root:RUNNING: model on: 2025-08-26 22:59:00
ERROR:root:could not verify read permissions for group and others on landmask.
Traceback (most recent call last):
  File "/home/pdaniel/anaconda3/lib/python3.8/site-packages/opendrift_landmask_data-0.6-py3.8.egg/opendrift_landmask_data/mask.py", line 77, in __check_permissions__
    if not os.stat(self.lockf).st_mode & 0o777 == 0o777:
FileNotFoundError: [Errno 2] No such file or directory: '/tmp/landmask/.mask.dat.lock'
ERROR:root:could not verify read permissions for group and others on landmask.
Traceback (most recent call last):
  File "/home/pdaniel/anaconda3/lib/python3.8/site-packages/opendrift_landmask_data-0.6-py3.8.egg/opendrift_landmask_data/mask.py", line 77, in __check_permissions__
    if not os.stat(self.lockf).st_mode & 0o777 == 0o777:
FileNotFoundError: [Errno 2] No such file or directory: '/tmp/landmask/.mask.dat.lock'
INFO:root:RUNNING: model on: 2025-08-27 11:06:00
ERROR:root:could not verify read permissions for group and others on landmask.
Traceback (most recent call last):
  File "/home/pdaniel/anaconda3/lib/python3.8/site-packages/opendrift_landmask_data-0.6-py3.8.egg/opendrift_landmask_data/mask.py", line 77, in __check_permissions__
    if not os.stat(self.lockf).st_mode & 0o777 == 0o777:
FileNotFoundError: [Errno 2] No such file or directory: '/tmp/landmask/.mask.dat.lock'
ERROR:root:could not verify read permissions for group and others on landmask.
Traceback (most recent call last):
  File "/home/pdaniel/anaconda3/lib/python3.8/site-packages/opendrift_landmask_data-0.6-py3.8.egg/opendrift_landmask_data/mask.py", line 77, in __check_permissions__
    if not os.stat(self.lockf).st_mode & 0o777 == 0o777:
FileNotFoundError: [Errno 2] No such file or directory: '/tmp/landmask/.mask.dat.lock'
INFO:numexpr.utils:NumExpr defaulting to 2 threads.
INFO:root:RUNNING: model on: 2025-08-27 23:25:00
ERROR:root:could not verify read permissions for group and others on landmask.
Traceback (most recent call last):
  File "/home/pdaniel/anaconda3/lib/python3.8/site-packages/opendrift_landmask_data-0.6-py3.8.egg/opendrift_landmask_data/mask.py", line 77, in __check_permissions__
    if not os.stat(self.lockf).st_mode & 0o777 == 0o777:
FileNotFoundError: [Errno 2] No such file or directory: '/tmp/landmask/.mask.dat.lock'
ERROR:root:could not verify read permissions for group and others on landmask.
Traceback (most recent call last):
  File "/home/pdaniel/anaconda3/lib/python3.8/site-packages/opendrift_landmask_data-0.6-py3.8.egg/opendrift_landmask_data/mask.py", line 77, in __check_permissions__
    if not os.stat(self.lockf).st_mode & 0o777 == 0o777:
FileNotFoundError: [Errno 2] No such file or directory: '/tmp/landmask/.mask.dat.lock'
INFO:root:RUNNING: model on: 2025-08-28 12:00:00
ERROR:root:could not verify read permissions for group and others on landmask.
Traceback (most recent call last):
  File "/home/pdaniel/anaconda3/lib/python3.8/site-packages/opendrift_landmask_data-0.6-py3.8.egg/opendrift_landmask_data/mask.py", line 77, in __check_permissions__
    if not os.stat(self.lockf).st_mode & 0o777 == 0o777:
FileNotFoundError: [Errno 2] No such file or directory: '/tmp/landmask/.mask.dat.lock'
ERROR:root:could not verify read permissions for group and others on landmask.
Traceback (most recent call last):
  File "/home/pdaniel/anaconda3/lib/python3.8/site-packages/opendrift_landmask_data-0.6-py3.8.egg/opendrift_landmask_data/mask.py", line 77, in __check_permissions__
    if not os.stat(self.lockf).st_mode & 0o777 == 0o777:
FileNotFoundError: [Errno 2] No such file or directory: '/tmp/landmask/.mask.dat.lock'
INFO:numexpr.utils:NumExpr defaulting to 2 threads.
INFO:root:RUNNING: model on: 2025-08-28 23:54:00
ERROR:root:could not verify read permissions for group and others on landmask.
Traceback (most recent call last):
  File "/home/pdaniel/anaconda3/lib/python3.8/site-packages/opendrift_landmask_data-0.6-py3.8.egg/opendrift_landmask_data/mask.py", line 77, in __check_permissions__
    if not os.stat(self.lockf).st_mode & 0o777 == 0o777:
FileNotFoundError: [Errno 2] No such file or directory: '/tmp/landmask/.mask.dat.lock'
ERROR:root:could not verify read permissions for group and others on landmask.
Traceback (most recent call last):
  File "/home/pdaniel/anaconda3/lib/python3.8/site-packages/opendrift_landmask_data-0.6-py3.8.egg/opendrift_landmask_data/mask.py", line 77, in __check_permissions__
    if not os.stat(self.lockf).st_mode & 0o777 == 0o777:
FileNotFoundError: [Errno 2] No such file or directory: '/tmp/landmask/.mask.dat.lock'
INFO:root:RUNNING: model on: 2025-08-29 13:08:00
ERROR:root:could not verify read permissions for group and others on landmask.
Traceback (most recent call last):
  File "/home/pdaniel/anaconda3/lib/python3.8/site-packages/opendrift_landmask_data-0.6-py3.8.egg/opendrift_landmask_data/mask.py", line 77, in __check_permissions__
    if not os.stat(self.lockf).st_mode & 0o777 == 0o777:
FileNotFoundError: [Errno 2] No such file or directory: '/tmp/landmask/.mask.dat.lock'
ERROR:root:could not verify read permissions for group and others on landmask.
Traceback (most recent call last):
  File "/home/pdaniel/anaconda3/lib/python3.8/site-packages/opendrift_landmask_data-0.6-py3.8.egg/opendrift_landmask_data/mask.py", line 77, in __check_permissions__
    if not os.stat(self.lockf).st_mode & 0o777 == 0o777:
FileNotFoundError: [Errno 2] No such file or directory: '/tmp/landmask/.mask.dat.lock'
INFO:numexpr.utils:NumExpr defaulting to 2 threads.
INFO:root:RUNNING: model on: 2025-08-30 00:29:00
ERROR:root:could not verify read permissions for group and others on landmask.
Traceback (most recent call last):
  File "/home/pdaniel/anaconda3/lib/python3.8/site-packages/opendrift_landmask_data-0.6-py3.8.egg/opendrift_landmask_data/mask.py", line 77, in __check_permissions__
    if not os.stat(self.lockf).st_mode & 0o777 == 0o777:
FileNotFoundError: [Errno 2] No such file or directory: '/tmp/landmask/.mask.dat.lock'
ERROR:root:could not verify read permissions for group and others on landmask.
Traceback (most recent call last):
  File "/home/pdaniel/anaconda3/lib/python3.8/site-packages/opendrift_landmask_data-0.6-py3.8.egg/opendrift_landmask_data/mask.py", line 77, in __check_permissions__
    if not os.stat(self.lockf).st_mode & 0o777 == 0o777:
FileNotFoundError: [Errno 2] No such file or directory: '/tmp/landmask/.mask.dat.lock'
INFO:root:RUNNING: model on: 2025-08-30 14:44:00
ERROR:root:could not verify read permissions for group and others on landmask.
Traceback (most recent call last):
  File "/home/pdaniel/anaconda3/lib/python3.8/site-packages/opendrift_landmask_data-0.6-py3.8.egg/opendrift_landmask_data/mask.py", line 77, in __check_permissions__
    if not os.stat(self.lockf).st_mode & 0o777 == 0o777:
FileNotFoundError: [Errno 2] No such file or directory: '/tmp/landmask/.mask.dat.lock'
ERROR:root:could not verify read permissions for group and others on landmask.
Traceback (most recent call last):
  File "/home/pdaniel/anaconda3/lib/python3.8/site-packages/opendrift_landmask_data-0.6-py3.8.egg/opendrift_landmask_data/mask.py", line 77, in __check_permissions__
    if not os.stat(self.lockf).st_mode & 0o777 == 0o777:
FileNotFoundError: [Errno 2] No such file or directory: '/tmp/landmask/.mask.dat.lock'
INFO:numexpr.utils:NumExpr defaulting to 2 threads.
INFO:root:RUNNING: model on: 2025-08-31 01:14:00
ERROR:root:could not verify read permissions for group and others on landmask.
Traceback (most recent call last):
  File "/home/pdaniel/anaconda3/lib/python3.8/site-packages/opendrift_landmask_data-0.6-py3.8.egg/opendrift_landmask_data/mask.py", line 77, in __check_permissions__
    if not os.stat(self.lockf).st_mode & 0o777 == 0o777:
FileNotFoundError: [Errno 2] No such file or directory: '/tmp/landmask/.mask.dat.lock'
ERROR:root:could not verify read permissions for group and others on landmask.
Traceback (most recent call last):
  File "/home/pdaniel/anaconda3/lib/python3.8/site-packages/opendrift_landmask_data-0.6-py3.8.egg/opendrift_landmask_data/mask.py", line 77, in __check_permissions__
    if not os.stat(self.lockf).st_mode & 0o777 == 0o777:
FileNotFoundError: [Errno 2] No such file or directory: '/tmp/landmask/.mask.dat.lock'
INFO:numexpr.utils:NumExpr defaulting to 2 threads.
INFO:root:RUNNING: model on: 2025-09-01 02:11:00
ERROR:root:could not verify read permissions for group and others on landmask.
Traceback (most recent call last):
  File "/home/pdaniel/anaconda3/lib/python3.8/site-packages/opendrift_landmask_data-0.6-py3.8.egg/opendrift_landmask_data/mask.py", line 77, in __check_permissions__
    if not os.stat(self.lockf).st_mode & 0o777 == 0o777:
FileNotFoundError: [Errno 2] No such file or directory: '/tmp/landmask/.mask.dat.lock'
ERROR:root:could not verify read permissions for group and others on landmask.
Traceback (most recent call last):
  File "/home/pdaniel/anaconda3/lib/python3.8/site-packages/opendrift_landmask_data-0.6-py3.8.egg/opendrift_landmask_data/mask.py", line 77, in __check_permissions__
    if not os.stat(self.lockf).st_mode & 0o777 == 0o777:
FileNotFoundError: [Errno 2] No such file or directory: '/tmp/landmask/.mask.dat.lock'
INFO:root:RUNNING: model on: 2025-09-01 17:58:00
ERROR:root:could not verify read permissions for group and others on landmask.
Traceback (most recent call last):
  File "/home/pdaniel/anaconda3/lib/python3.8/site-packages/opendrift_landmask_data-0.6-py3.8.egg/opendrift_landmask_data/mask.py", line 77, in __check_permissions__
    if not os.stat(self.lockf).st_mode & 0o777 == 0o777:
FileNotFoundError: [Errno 2] No such file or directory: '/tmp/landmask/.mask.dat.lock'
ERROR:root:could not verify read permissions for group and others on landmask.
Traceback (most recent call last):
  File "/home/pdaniel/anaconda3/lib/python3.8/site-packages/opendrift_landmask_data-0.6-py3.8.egg/opendrift_landmask_data/mask.py", line 77, in __check_permissions__
    if not os.stat(self.lockf).st_mode & 0o777 == 0o777:
FileNotFoundError: [Errno 2] No such file or directory: '/tmp/landmask/.mask.dat.lock'
INFO:numexpr.utils:NumExpr defaulting to 2 threads.
INFO:root:RUNNING: model on: 2025-09-02 03:17:00
ERROR:root:could not verify read permissions for group and others on landmask.
Traceback (most recent call last):
  File "/home/pdaniel/anaconda3/lib/python3.8/site-packages/opendrift_landmask_data-0.6-py3.8.egg/opendrift_landmask_data/mask.py", line 77, in __check_permissions__
    if not os.stat(self.lockf).st_mode & 0o777 == 0o777:
FileNotFoundError: [Errno 2] No such file or directory: '/tmp/landmask/.mask.dat.lock'
ERROR:root:could not verify read permissions for group and others on landmask.
Traceback (most recent call last):
  File "/home/pdaniel/anaconda3/lib/python3.8/site-packages/opendrift_landmask_data-0.6-py3.8.egg/opendrift_landmask_data/mask.py", line 77, in __check_permissions__
    if not os.stat(self.lockf).st_mode & 0o777 == 0o777:
FileNotFoundError: [Errno 2] No such file or directory: '/tmp/landmask/.mask.dat.lock'
INFO:root:RUNNING: model on: 2025-09-02 18:39:00
WARNING:root:permissions too restrictive on landmask lock file, trying to relax.
INFO:numexpr.utils:NumExpr defaulting to 2 threads.
INFO:root:RUNNING: model on: 2025-09-03 04:20:00
INFO:root:RUNNING: model on: 2025-09-03 19:09:00
INFO:numexpr.utils:NumExpr defaulting to 2 threads.
INFO:root:RUNNING: model on: 2025-09-04 05:17:00
INFO:root:RUNNING: model on: 2025-09-04 19:36:00
INFO:numexpr.utils:NumExpr defaulting to 2 threads.
INFO:root:RUNNING: model on: 2025-09-05 06:08:00
INFO:numexpr.utils:NumExpr defaulting to 2 threads.
INFO:root:RUNNING: model on: 2025-09-05 20:02:00
INFO:root:RUNNING: model on: 2025-09-06 06:56:00
INFO:numexpr.utils:NumExpr defaulting to 2 threads.
INFO:root:RUNNING: model on: 2025-09-06 20:28:00
INFO:root:RUNNING: model on: 2025-09-07 07:44:00
INFO:numexpr.utils:NumExpr defaulting to 2 threads.
INFO:root:RUNNING: model on: 2025-09-07 20:56:00
INFO:root:RUNNING: model on: 2025-09-08 08:33:00
INFO:numexpr.utils:NumExpr defaulting to 2 threads.
INFO:root:RUNNING: model on: 2025-09-08 21:24:00
INFO:root:RUNNING: model on: 2025-09-09 09:25:00
INFO:numexpr.utils:NumExpr defaulting to 2 threads.
INFO:root:RUNNING: model on: 2025-09-10 22:28:00
INFO:root:RUNNING: model on: 2025-09-11 11:22:00
INFO:numexpr.utils:NumExpr defaulting to 2 threads.
INFO:root:RUNNING: model on: 2025-09-11 23:05:00
INFO:root:RUNNING: model on: 2025-09-12 12:34:00
INFO:numexpr.utils:NumExpr defaulting to 2 threads.
INFO:root:RUNNING: model on: 2025-09-12 23:49:00
ERROR:root:could not verify read permissions for group and others on landmask.
Traceback (most recent call last):
  File "/home/pdaniel/anaconda3/lib/python3.8/site-packages/opendrift_landmask_data-0.6-py3.8.egg/opendrift_landmask_data/mask.py", line 77, in __check_permissions__
    if not os.stat(self.lockf).st_mode & 0o777 == 0o777:
FileNotFoundError: [Errno 2] No such file or directory: '/tmp/landmask/.mask.dat.lock'
ERROR:root:could not verify read permissions for group and others on landmask.
Traceback (most recent call last):
  File "/home/pdaniel/anaconda3/lib/python3.8/site-packages/opendrift_landmask_data-0.6-py3.8.egg/opendrift_landmask_data/mask.py", line 77, in __check_permissions__
    if not os.stat(self.lockf).st_mode & 0o777 == 0o777:
FileNotFoundError: [Errno 2] No such file or directory: '/tmp/landmask/.mask.dat.lock'
INFO:root:RUNNING: model on: 2025-09-13 14:00:00
ERROR:root:could not verify read permissions for group and others on landmask.
Traceback (most recent call last):
  File "/home/pdaniel/anaconda3/lib/python3.8/site-packages/opendrift_landmask_data-0.6-py3.8.egg/opendrift_landmask_data/mask.py", line 77, in __check_permissions__
    if not os.stat(self.lockf).st_mode & 0o777 == 0o777:
FileNotFoundError: [Errno 2] No such file or directory: '/tmp/landmask/.mask.dat.lock'
ERROR:root:could not verify read permissions for group and others on landmask.
Traceback (most recent call last):
  File "/home/pdaniel/anaconda3/lib/python3.8/site-packages/opendrift_landmask_data-0.6-py3.8.egg/opendrift_landmask_data/mask.py", line 77, in __check_permissions__
    if not os.stat(self.lockf).st_mode & 0o777 == 0o777:
FileNotFoundError: [Errno 2] No such file or directory: '/tmp/landmask/.mask.dat.lock'
INFO:numexpr.utils:NumExpr defaulting to 2 threads.
INFO:root:RUNNING: model on: 2025-09-14 00:43:00
ERROR:root:could not verify read permissions for group and others on landmask.
Traceback (most recent call last):
  File "/home/pdaniel/anaconda3/lib/python3.8/site-packages/opendrift_landmask_data-0.6-py3.8.egg/opendrift_landmask_data/mask.py", line 77, in __check_permissions__
    if not os.stat(self.lockf).st_mode & 0o777 == 0o777:
FileNotFoundError: [Errno 2] No such file or directory: '/tmp/landmask/.mask.dat.lock'
ERROR:root:could not verify read permissions for group and others on landmask.
Traceback (most recent call last):
  File "/home/pdaniel/anaconda3/lib/python3.8/site-packages/opendrift_landmask_data-0.6-py3.8.egg/opendrift_landmask_data/mask.py", line 77, in __check_permissions__
    if not os.stat(self.lockf).st_mode & 0o777 == 0o777:
FileNotFoundError: [Errno 2] No such file or directory: '/tmp/landmask/.mask.dat.lock'
INFO:root:RUNNING: model on: 2025-09-14 15:37:00
ERROR:root:could not verify read permissions for group and others on landmask.
Traceback (most recent call last):
  File "/home/pdaniel/anaconda3/lib/python3.8/site-packages/opendrift_landmask_data-0.6-py3.8.egg/opendrift_landmask_data/mask.py", line 77, in __check_permissions__
    if not os.stat(self.lockf).st_mode & 0o777 == 0o777:
FileNotFoundError: [Errno 2] No such file or directory: '/tmp/landmask/.mask.dat.lock'
ERROR:root:could not verify read permissions for group and others on landmask.
Traceback (most recent call last):
  File "/home/pdaniel/anaconda3/lib/python3.8/site-packages/opendrift_landmask_data-0.6-py3.8.egg/opendrift_landmask_data/mask.py", line 77, in __check_permissions__
    if not os.stat(self.lockf).st_mode & 0o777 == 0o777:
FileNotFoundError: [Errno 2] No such file or directory: '/tmp/landmask/.mask.dat.lock'
INFO:numexpr.utils:NumExpr defaulting to 4 threads.
INFO:root:RUNNING: model on: 2025-09-21 08:00:00
INFO:numexpr.utils:NumExpr defaulting to 4 threads.
INFO:root:RUNNING: model on: 2025-09-22 08:45:00
